0.jpg,0
1.jpg,4
2.jpg,5
8.jpg,1
12.jpg,5
16.jpg,3
21.jpg,4
26.jpg,5
29.jpg,5
33.jpg,5
34.jpg,3
35.jpg,5
36.jpg,5
40.jpg,2
43.jpg,2
44.jpg,3
45.jpg,5
48.jpg,1
53.jpg,0
55.jpg,0
58.jpg,3
60.jpg,2
67.jpg,2
74.jpg,5
80.jpg,5
95.jpg,3
96.jpg,0
97.jpg,4
98.jpg,1
100.jpg,2
102.jpg,4
104.jpg,5
108.jpg,5
114.jpg,1
115.jpg,1
120.jpg,3
125.jpg,0
131.jpg,1
134.jpg,1
137.jpg,0
139.jpg,0
147.jpg,5
150.jpg,5
162.jpg,5
163.jpg,2
165.jpg,4
168.jpg,5
181.jpg,5
184.jpg,5
188.jpg,0
189.jpg,2
191.jpg,0
202.jpg,3
204.jpg,5
207.jpg,4
231.jpg,1
235.jpg,0
240.jpg,1
250.jpg,5
256.jpg,0
260.jpg,5
275.jpg,2
282.jpg,3
286.jpg,0
288.jpg,3
290.jpg,4
293.jpg,3
295.jpg,1
296.jpg,1
297.jpg,3
299.jpg,4
300.jpg,4
301.jpg,3
306.jpg,4
313.jpg,3
316.jpg,1
317.jpg,1
321.jpg,0
322.jpg,2
323.jpg,3
330.jpg,5
331.jpg,3
335.jpg,1
339.jpg,4
340.jpg,5
343.jpg,0
353.jpg,2
355.jpg,2
359.jpg,2
361.jpg,1
363.jpg,4
364.jpg,3
366.jpg,3
371.jpg,5
372.jpg,4
377.jpg,3
380.jpg,3
383.jpg,1
384.jpg,5
390.jpg,0
392.jpg,0
397.jpg,3
414.jpg,3
415.jpg,3
417.jpg,2
422.jpg,0
431.jpg,4
437.jpg,5
438.jpg,1
443.jpg,3
445.jpg,2
447.jpg,4
463.jpg,0
464.jpg,1
466.jpg,1
468.jpg,4
470.jpg,2
472.jpg,1
476.jpg,4
477.jpg,5
478.jpg,1
481.jpg,4
483.jpg,1
488.jpg,0
496.jpg,2
500.jpg,3
502.jpg,1
504.jpg,2
505.jpg,0
506.jpg,0
508.jpg,0
510.jpg,5
511.jpg,5
514.jpg,4
530.jpg,2
532.jpg,5
533.jpg,1
541.jpg,2
554.jpg,3
558.jpg,1
580.jpg,4
581.jpg,1
582.jpg,4
594.jpg,2
595.jpg,0
599.jpg,4
612.jpg,0
617.jpg,0
618.jpg,0
620.jpg,5
625.jpg,4
627.jpg,1
634.jpg,5
637.jpg,5
643.jpg,5
647.jpg,2
648.jpg,5
650.jpg,1
651.jpg,1
659.jpg,3
663.jpg,1
666.jpg,4
670.jpg,4
675.jpg,3
680.jpg,4
681.jpg,4
686.jpg,3
701.jpg,1
702.jpg,2
707.jpg,2
710.jpg,3
714.jpg,1
719.jpg,4
721.jpg,0
724.jpg,1
725.jpg,1
728.jpg,3
729.jpg,3
733.jpg,1
739.jpg,0
742.jpg,0
752.jpg,0
753.jpg,1
755.jpg,5
758.jpg,1
763.jpg,4
764.jpg,4
765.jpg,0
772.jpg,0
775.jpg,0
776.jpg,5
781.jpg,4
782.jpg,5
790.jpg,3
793.jpg,5
796.jpg,4
801.jpg,0
807.jpg,5
815.jpg,5
827.jpg,3
834.jpg,4
835.jpg,0
838.jpg,1
840.jpg,5
842.jpg,1
843.jpg,5
845.jpg,1
846.jpg,4
848.jpg,3
851.jpg,4
852.jpg,2
855.jpg,2
868.jpg,4
871.jpg,5
874.jpg,5
877.jpg,2
880.jpg,2
882.jpg,4
887.jpg,1
889.jpg,5
891.jpg,2
892.jpg,2
894.jpg,4
897.jpg,0
898.jpg,5
901.jpg,4
906.jpg,0
907.jpg,4
912.jpg,4
915.jpg,1
916.jpg,4
923.jpg,1
929.jpg,1
933.jpg,2
934.jpg,4
942.jpg,4
947.jpg,2
953.jpg,4
956.jpg,3
960.jpg,0
964.jpg,3
965.jpg,2
968.jpg,0
970.jpg,5
971.jpg,5
972.jpg,3
976.jpg,3
977.jpg,4
981.jpg,2
984.jpg,4
990.jpg,0
992.jpg,5
998.jpg,2
999.jpg,5
1004.jpg,1
1006.jpg,3
1009.jpg,0
1015.jpg,5
1019.jpg,3
1021.jpg,4
1025.jpg,1
1028.jpg,0
1029.jpg,3
1033.jpg,5
1035.jpg,4
1038.jpg,4
1040.jpg,3
1041.jpg,0
1043.jpg,4
1044.jpg,2
1045.jpg,0
1062.jpg,2
1079.jpg,1
1088.jpg,5
1093.jpg,0
1097.jpg,2
1105.jpg,1
1108.jpg,5
1110.jpg,2
1111.jpg,2
1117.jpg,2
1121.jpg,5
1124.jpg,4
1126.jpg,2
1128.jpg,2
1138.jpg,4
1140.jpg,3
1159.jpg,2
1163.jpg,1
1165.jpg,3
1172.jpg,4
1184.jpg,3
1188.jpg,1
1191.jpg,5
1192.jpg,5
1194.jpg,5
1205.jpg,2
1208.jpg,5
1212.jpg,5
1215.jpg,5
1217.jpg,1
1219.jpg,1
1224.jpg,1
1229.jpg,2
1231.jpg,0
1235.jpg,1
1236.jpg,4
1240.jpg,5
1242.jpg,0
1244.jpg,0
1246.jpg,5
1249.jpg,1
1250.jpg,2
1251.jpg,4
1256.jpg,4
1259.jpg,5
1260.jpg,5
1263.jpg,0
1266.jpg,5
1273.jpg,0
1278.jpg,3
1280.jpg,5
1281.jpg,0
1282.jpg,4
1284.jpg,3
1287.jpg,3
1293.jpg,2
1297.jpg,5
1308.jpg,5
1314.jpg,3
1316.jpg,2
1317.jpg,0
1320.jpg,2
1325.jpg,0
1329.jpg,5
1332.jpg,0
1335.jpg,2
1336.jpg,3
1339.jpg,5
1345.jpg,4
1346.jpg,2
1350.jpg,3
1353.jpg,3
1361.jpg,5
1365.jpg,5
1369.jpg,1
1372.jpg,1
1377.jpg,4
1378.jpg,1
1379.jpg,5
1380.jpg,3
1381.jpg,2
1391.jpg,0
1394.jpg,4
1396.jpg,3
1397.jpg,2
1398.jpg,5
1406.jpg,0
1410.jpg,1
1413.jpg,0
1417.jpg,5
1426.jpg,3
1429.jpg,0
1441.jpg,3
1445.jpg,0
1446.jpg,3
1453.jpg,2
1457.jpg,1
1458.jpg,2
1462.jpg,1
1465.jpg,3
1469.jpg,2
1472.jpg,5
1473.jpg,3
1475.jpg,1
1477.jpg,5
1480.jpg,3
1481.jpg,1
1486.jpg,2
1487.jpg,5
1488.jpg,1
1490.jpg,4
1491.jpg,2
1495.jpg,5
1496.jpg,2
1499.jpg,5
1503.jpg,0
1510.jpg,2
1514.jpg,1
1523.jpg,5
1537.jpg,5
1538.jpg,3
1539.jpg,0
1540.jpg,3
1543.jpg,4
1556.jpg,5
1560.jpg,0
1576.jpg,5
1580.jpg,0
1582.jpg,3
1584.jpg,1
1588.jpg,3
1597.jpg,3
1601.jpg,5
1604.jpg,5
1605.jpg,5
1615.jpg,5
1618.jpg,5
1619.jpg,4
1622.jpg,0
1630.jpg,0
1632.jpg,5
1639.jpg,2
1645.jpg,3
1648.jpg,5
1654.jpg,4
1660.jpg,5
1661.jpg,3
1665.jpg,5
1670.jpg,1
1672.jpg,2
1673.jpg,4
1676.jpg,2
1686.jpg,5
1687.jpg,0
1691.jpg,2
1693.jpg,0
1697.jpg,5
1698.jpg,3
1711.jpg,5
1716.jpg,0
1729.jpg,1
1731.jpg,5
1732.jpg,2
1739.jpg,0
1740.jpg,2
1741.jpg,4
1742.jpg,2
1743.jpg,3
1744.jpg,2
1747.jpg,1
1755.jpg,3
1761.jpg,2
1762.jpg,5
1763.jpg,0
1765.jpg,1
1766.jpg,1
1768.jpg,1
1772.jpg,5
1778.jpg,2
1787.jpg,0
1791.jpg,4
1792.jpg,2
1796.jpg,2
1798.jpg,4
1799.jpg,3
1803.jpg,5
1811.jpg,3
1813.jpg,3
1824.jpg,2
1832.jpg,4
1833.jpg,2
1836.jpg,5
1846.jpg,0
1849.jpg,5
1852.jpg,5
1854.jpg,4
1860.jpg,3
1866.jpg,5
1867.jpg,0
1869.jpg,3
1872.jpg,0
1886.jpg,1
1888.jpg,5
1894.jpg,2
1898.jpg,3
1901.jpg,0
1904.jpg,2
1912.jpg,1
1915.jpg,1
1919.jpg,3
1930.jpg,2
1932.jpg,1
1933.jpg,3
1936.jpg,3
1939.jpg,5
1941.jpg,2
1942.jpg,5
1943.jpg,0
1950.jpg,5
1952.jpg,5
1955.jpg,0
1958.jpg,2
1962.jpg,3
1963.jpg,5
1964.jpg,0
1966.jpg,1
1976.jpg,4
1977.jpg,0
1978.jpg,4
1984.jpg,5
1988.jpg,1
1989.jpg,1
1993.jpg,3
1996.jpg,3
2006.jpg,4
2010.jpg,2
2013.jpg,1
2018.jpg,1
2021.jpg,5
2032.jpg,1
2037.jpg,1
2040.jpg,1
2041.jpg,0
2044.jpg,1
2045.jpg,5
2054.jpg,3
2062.jpg,4
2070.jpg,4
2072.jpg,2
2080.jpg,4
2085.jpg,1
2086.jpg,4
2088.jpg,0
2091.jpg,1
2101.jpg,2
2103.jpg,5
2108.jpg,0
2109.jpg,4
2111.jpg,5
2113.jpg,2
2121.jpg,5
2123.jpg,2
2132.jpg,4
2136.jpg,0
2147.jpg,3
2148.jpg,4
2150.jpg,3
2155.jpg,2
2156.jpg,2
2158.jpg,0
2159.jpg,2
2162.jpg,5
2168.jpg,3
2169.jpg,5
2171.jpg,0
2173.jpg,2
2178.jpg,5
2179.jpg,0
2185.jpg,0
2192.jpg,4
2193.jpg,0
2197.jpg,3
2203.jpg,0
2209.jpg,0
2212.jpg,5
2214.jpg,4
2215.jpg,1
2218.jpg,3
2219.jpg,3
2225.jpg,4
2226.jpg,5
2230.jpg,3
2233.jpg,1
2238.jpg,0
2239.jpg,2
2255.jpg,1
2256.jpg,5
2259.jpg,2
2261.jpg,2
2263.jpg,0
2266.jpg,1
2269.jpg,3
2273.jpg,0
2277.jpg,2
2285.jpg,0
2292.jpg,1
2293.jpg,3
2298.jpg,3
2303.jpg,3
2307.jpg,1
2308.jpg,5
2310.jpg,1
2314.jpg,1
2321.jpg,5
2331.jpg,1
2338.jpg,4
2347.jpg,2
2356.jpg,0
2357.jpg,1
2365.jpg,4
2371.jpg,4
2377.jpg,4
2380.jpg,1
2393.jpg,5
2394.jpg,4
2421.jpg,5
2422.jpg,3
2423.jpg,3
2426.jpg,0
2429.jpg,2
2431.jpg,5
2433.jpg,3
2434.jpg,5
2436.jpg,2
2439.jpg,4
2440.jpg,2
2451.jpg,4
2455.jpg,3
2456.jpg,4
2460.jpg,4
2461.jpg,4
2462.jpg,4
2465.jpg,1
2468.jpg,1
2469.jpg,0
2470.jpg,5
2472.jpg,5
2481.jpg,3
2484.jpg,4
2489.jpg,4
2497.jpg,1
2508.jpg,4
2510.jpg,2
2512.jpg,1
2515.jpg,4
2516.jpg,4
2523.jpg,5
2524.jpg,2
2527.jpg,5
2536.jpg,2
2537.jpg,1
2539.jpg,3
2543.jpg,3
2547.jpg,4
2548.jpg,4
2549.jpg,2
2555.jpg,4
2562.jpg,5
2564.jpg,2
2566.jpg,4
2567.jpg,2
2571.jpg,3
2573.jpg,3
2575.jpg,0
2579.jpg,3
2582.jpg,1
2584.jpg,1
2586.jpg,0
2590.jpg,3
2591.jpg,1
2592.jpg,3
2594.jpg,4
2598.jpg,4
2604.jpg,3
2608.jpg,2
2612.jpg,0
2618.jpg,3
2625.jpg,3
2627.jpg,5
2630.jpg,3
2635.jpg,3
2644.jpg,4
2648.jpg,0
2658.jpg,1
2660.jpg,3
2663.jpg,3
2666.jpg,5
2669.jpg,4
2671.jpg,4
2678.jpg,0
2680.jpg,3
2683.jpg,5
2687.jpg,3
2691.jpg,0
2698.jpg,2
2703.jpg,5
2704.jpg,2
2706.jpg,3
2709.jpg,5
2717.jpg,0
2721.jpg,3
2723.jpg,4
2732.jpg,4
2733.jpg,0
2735.jpg,0
2738.jpg,0
2740.jpg,4
2748.jpg,3
2751.jpg,5
2753.jpg,3
2755.jpg,3
2758.jpg,2
2769.jpg,3
2776.jpg,5
2777.jpg,2
2786.jpg,5
2787.jpg,1
2788.jpg,5
2790.jpg,0
2808.jpg,0
2815.jpg,0
2822.jpg,4
2823.jpg,0
2826.jpg,2
2831.jpg,1
2839.jpg,4
2840.jpg,1
2842.jpg,5
2856.jpg,4
2857.jpg,2
2859.jpg,1
2862.jpg,1
2864.jpg,4
2873.jpg,3
2874.jpg,0
2877.jpg,5
2890.jpg,5
2891.jpg,4
2893.jpg,1
2902.jpg,4
2903.jpg,2
2905.jpg,2
2907.jpg,4
2909.jpg,1
2922.jpg,0
2924.jpg,1
2925.jpg,5
2926.jpg,5
2927.jpg,2
2929.jpg,3
2936.jpg,0
2940.jpg,2
2942.jpg,1
2943.jpg,3
2944.jpg,4
2957.jpg,5
2959.jpg,4
2961.jpg,0
2967.jpg,4
2971.jpg,4
2975.jpg,4
2984.jpg,3
2985.jpg,0
2989.jpg,2
2990.jpg,5
2999.jpg,0
3008.jpg,2
3015.jpg,5
3019.jpg,4
3021.jpg,5
3025.jpg,1
3031.jpg,4
3032.jpg,4
3033.jpg,5
3035.jpg,0
3050.jpg,3
3063.jpg,2
3066.jpg,4
3074.jpg,4
3075.jpg,5
3076.jpg,4
3078.jpg,1
3081.jpg,3
3082.jpg,0
3087.jpg,3
3090.jpg,3
3105.jpg,1
3111.jpg,3
3118.jpg,2
3122.jpg,2
3125.jpg,3
3132.jpg,5
3136.jpg,0
3139.jpg,2
3145.jpg,0
3147.jpg,4
3180.jpg,3
3182.jpg,5
3183.jpg,1
3184.jpg,5
3190.jpg,3
3192.jpg,4
3195.jpg,2
3200.jpg,4
3207.jpg,0
3209.jpg,0
3213.jpg,2
3216.jpg,0
3217.jpg,5
3235.jpg,4
3236.jpg,3
3241.jpg,3
3243.jpg,1
3245.jpg,0
3247.jpg,5
3249.jpg,5
3255.jpg,0
3257.jpg,0
3259.jpg,1
3260.jpg,2
3261.jpg,5
3262.jpg,4
3264.jpg,4
3265.jpg,2
3266.jpg,4
3272.jpg,1
3279.jpg,1
3281.jpg,5
3282.jpg,5
3284.jpg,3
3296.jpg,4
3303.jpg,5
3305.jpg,3
3307.jpg,4
3310.jpg,0
3316.jpg,0
3318.jpg,2
3329.jpg,1
3331.jpg,1
3332.jpg,5
3334.jpg,2
3336.jpg,0
3339.jpg,0
3340.jpg,5
3343.jpg,5
3344.jpg,1
3348.jpg,1
3368.jpg,1
3369.jpg,2
3377.jpg,1
3381.jpg,4
3383.jpg,5
3384.jpg,1
3387.jpg,0
3388.jpg,3
3394.jpg,2
3396.jpg,1
3397.jpg,0
3403.jpg,1
3406.jpg,2
3410.jpg,5
3420.jpg,0
3424.jpg,3
3426.jpg,4
3434.jpg,5
3437.jpg,3
3442.jpg,3
3443.jpg,2
3447.jpg,5
3449.jpg,0
3450.jpg,1
3453.jpg,5
3470.jpg,4
3473.jpg,5
3475.jpg,5
3479.jpg,4
3480.jpg,2
3487.jpg,3
3489.jpg,5
3491.jpg,4
3492.jpg,5
3493.jpg,5
3494.jpg,1
3496.jpg,1
3497.jpg,4
3498.jpg,2
3500.jpg,5
3505.jpg,5
3507.jpg,1
3513.jpg,2
3519.jpg,2
3523.jpg,0
3524.jpg,0
3528.jpg,0
3529.jpg,5
3530.jpg,2
3534.jpg,5
3540.jpg,0
3542.jpg,1
3543.jpg,5
3546.jpg,5
3551.jpg,1
3554.jpg,3
3556.jpg,5
3558.jpg,1
3559.jpg,1
3560.jpg,0
3562.jpg,4
3567.jpg,0
3571.jpg,5
3573.jpg,2
3583.jpg,1
3585.jpg,2
3591.jpg,1
3592.jpg,3
3593.jpg,3
3598.jpg,3
3599.jpg,3
3602.jpg,2
3607.jpg,4
3611.jpg,0
3614.jpg,5
3615.jpg,4
3618.jpg,3
3620.jpg,3
3621.jpg,5
3631.jpg,2
3634.jpg,5
3637.jpg,1
3643.jpg,5
3650.jpg,3
3653.jpg,5
3654.jpg,1
3658.jpg,3
3660.jpg,5
3664.jpg,0
3665.jpg,5
3667.jpg,0
3669.jpg,0
3670.jpg,0
3675.jpg,2
3678.jpg,4
3679.jpg,5
3684.jpg,5
3694.jpg,2
3697.jpg,5
3701.jpg,3
3708.jpg,2
3726.jpg,4
3727.jpg,2
3737.jpg,1
3740.jpg,5
3741.jpg,2
3742.jpg,3
3745.jpg,0
3747.jpg,2
3751.jpg,4
3756.jpg,3
3759.jpg,2
3765.jpg,3
3768.jpg,0
3774.jpg,1
3777.jpg,2
3780.jpg,1
3785.jpg,2
3786.jpg,3
3787.jpg,3
3788.jpg,1
3791.jpg,3
3796.jpg,2
3802.jpg,5
3803.jpg,2
3804.jpg,4
3807.jpg,4
3809.jpg,0
3815.jpg,5
3820.jpg,1
3822.jpg,0
3827.jpg,2
3837.jpg,5
3840.jpg,4
3841.jpg,4
3842.jpg,5
3843.jpg,2
3847.jpg,1
3857.jpg,3
3858.jpg,3
3862.jpg,2
3864.jpg,2
3869.jpg,0
3870.jpg,5
3871.jpg,1
3873.jpg,1
3874.jpg,2
3879.jpg,5
3882.jpg,4
3888.jpg,0
3889.jpg,5
3893.jpg,1
3894.jpg,5
3895.jpg,4
3899.jpg,5
3900.jpg,1
3904.jpg,2
3908.jpg,5
3911.jpg,5
3913.jpg,0
3920.jpg,0
3921.jpg,0
3929.jpg,0
3933.jpg,4
3936.jpg,3
3938.jpg,5
3939.jpg,5
3943.jpg,3
3944.jpg,4
3955.jpg,0
3958.jpg,1
3959.jpg,1
3960.jpg,5
3963.jpg,3
3964.jpg,2
3969.jpg,3
3977.jpg,3
3984.jpg,4
3988.jpg,1
3993.jpg,0
3998.jpg,2
3999.jpg,2
4002.jpg,0
4005.jpg,1
4006.jpg,2
4007.jpg,1
4015.jpg,2
4016.jpg,0
4018.jpg,2
4027.jpg,4
4028.jpg,3
4031.jpg,1
4039.jpg,2
4042.jpg,0
4046.jpg,1
4047.jpg,4
4056.jpg,2
4057.jpg,0
4062.jpg,3
4070.jpg,2
4082.jpg,0
4086.jpg,5
4087.jpg,1
4095.jpg,4
4098.jpg,0
4114.jpg,1
4115.jpg,2
4116.jpg,4
4130.jpg,0
4132.jpg,2
4137.jpg,4
4139.jpg,0
4141.jpg,0
4145.jpg,3
4148.jpg,3
4152.jpg,0
4155.jpg,3
4156.jpg,0
4158.jpg,0
4162.jpg,3
4163.jpg,3
4174.jpg,3
4175.jpg,2
4181.jpg,1
4184.jpg,4
4191.jpg,1
4193.jpg,2
4194.jpg,2
4202.jpg,4
4211.jpg,4
4215.jpg,3
4221.jpg,4
4231.jpg,2
4232.jpg,4
4234.jpg,3
4244.jpg,0
4249.jpg,2
4250.jpg,4
4251.jpg,4
4255.jpg,1
4256.jpg,4
4258.jpg,1
4259.jpg,0
4264.jpg,4
4273.jpg,2
4276.jpg,2
4287.jpg,4
4292.jpg,5
4295.jpg,2
4297.jpg,4
4308.jpg,1
4311.jpg,3
4312.jpg,2
4313.jpg,1
4314.jpg,4
4316.jpg,3
4327.jpg,0
4334.jpg,4
4339.jpg,3
4340.jpg,2
4342.jpg,2
4346.jpg,4
4351.jpg,0
4356.jpg,1
4362.jpg,3
4365.jpg,0
4371.jpg,1
4377.jpg,2
4383.jpg,4
4384.jpg,3
4385.jpg,2
4387.jpg,3
4397.jpg,1
4398.jpg,0
4408.jpg,4
4414.jpg,3
4421.jpg,1
4426.jpg,1
4433.jpg,4
4435.jpg,2
4436.jpg,2
4437.jpg,4
4440.jpg,0
4441.jpg,4
4442.jpg,3
4444.jpg,1
4456.jpg,3
4457.jpg,0
4466.jpg,0
4467.jpg,2
4470.jpg,3
4471.jpg,4
4475.jpg,1
4476.jpg,2
4481.jpg,0
4485.jpg,2
4491.jpg,4
4500.jpg,0
4505.jpg,2
4508.jpg,3
4509.jpg,1
4512.jpg,1
4514.jpg,4
4515.jpg,1
4531.jpg,5
4532.jpg,2
4534.jpg,0
4536.jpg,4
4537.jpg,2
4540.jpg,2
4543.jpg,1
4552.jpg,2
4561.jpg,4
4566.jpg,2
4568.jpg,1
4571.jpg,0
4575.jpg,2
4576.jpg,2
4578.jpg,4
4579.jpg,3
4581.jpg,1
4582.jpg,1
4593.jpg,0
4599.jpg,2
4600.jpg,0
4605.jpg,1
4606.jpg,5
4607.jpg,2
4608.jpg,3
4616.jpg,1
4620.jpg,0
4623.jpg,0
4624.jpg,3
4628.jpg,1
4629.jpg,5
4631.jpg,0
4645.jpg,4
4658.jpg,2
4663.jpg,2
4671.jpg,4
4682.jpg,3
4691.jpg,1
4694.jpg,2
4695.jpg,3
4700.jpg,4
4707.jpg,1
4716.jpg,4
4723.jpg,1
4737.jpg,1
4752.jpg,2
4759.jpg,2
4761.jpg,1
4768.jpg,3
4775.jpg,4
4776.jpg,3
4777.jpg,1
4785.jpg,4
4789.jpg,4
4794.jpg,4
4797.jpg,0
4803.jpg,3
4808.jpg,2
4813.jpg,2
4826.jpg,3
4828.jpg,5
4832.jpg,0
4835.jpg,1
4838.jpg,4
4840.jpg,4
4850.jpg,3
4854.jpg,2
4856.jpg,3
4861.jpg,4
4863.jpg,2
4865.jpg,4
4870.jpg,4
4873.jpg,1
4878.jpg,0
4879.jpg,2
4880.jpg,2
4889.jpg,4
4893.jpg,2
4895.jpg,0
4901.jpg,4
4908.jpg,4
4913.jpg,3
4922.jpg,5
4923.jpg,3
4924.jpg,3
4932.jpg,0
4935.jpg,1
4939.jpg,4
4940.jpg,4
4943.jpg,1
4948.jpg,5
4950.jpg,5
4952.jpg,5
4958.jpg,4
4961.jpg,0
4977.jpg,3
4981.jpg,2
4985.jpg,1
4996.jpg,5
4997.jpg,2
5008.jpg,5
5021.jpg,4
5024.jpg,1
5026.jpg,5
5028.jpg,5
5039.jpg,5
5041.jpg,5
5044.jpg,3
5045.jpg,4
5049.jpg,1
5051.jpg,2
5055.jpg,5
5056.jpg,2
5060.jpg,5
5062.jpg,1
5064.jpg,2
5071.jpg,4
5078.jpg,2
5079.jpg,0
5086.jpg,3
5091.jpg,2
5092.jpg,0
5095.jpg,5
5102.jpg,1
5104.jpg,4
5117.jpg,3
5122.jpg,3
5127.jpg,4
5140.jpg,4
5147.jpg,4
5148.jpg,2
5149.jpg,4
5155.jpg,2
5163.jpg,3
5172.jpg,3
5176.jpg,1
5183.jpg,4
5190.jpg,0
5193.jpg,0
5195.jpg,3
5198.jpg,2
5201.jpg,3
5211.jpg,1
5217.jpg,2
5223.jpg,4
5224.jpg,3
5226.jpg,2
5233.jpg,4
5240.jpg,2
5242.jpg,4
5244.jpg,3
5246.jpg,1
5250.jpg,1
5256.jpg,4
5260.jpg,5
5262.jpg,2
5263.jpg,3
5264.jpg,3
5266.jpg,1
5267.jpg,5
5269.jpg,0
5271.jpg,4
5277.jpg,0
5285.jpg,0
5291.jpg,0
5292.jpg,0
5297.jpg,5
5298.jpg,3
5299.jpg,5
5309.jpg,3
5311.jpg,1
5318.jpg,4
5324.jpg,0
5326.jpg,1
5327.jpg,0
5329.jpg,5
5330.jpg,3
5331.jpg,0
5333.jpg,5
5335.jpg,1
5337.jpg,0
5339.jpg,5
5341.jpg,1
5342.jpg,1
5345.jpg,1
5350.jpg,2
5351.jpg,2
5352.jpg,1
5353.jpg,4
5356.jpg,5
5362.jpg,4
5371.jpg,3
5372.jpg,1
5378.jpg,1
5385.jpg,4
5387.jpg,4
5392.jpg,3
5401.jpg,4
5404.jpg,1
5407.jpg,4
5412.jpg,3
5417.jpg,3
5422.jpg,3
5424.jpg,0
5428.jpg,5
5441.jpg,4
5449.jpg,4
5451.jpg,0
5456.jpg,1
5462.jpg,1
5471.jpg,3
5474.jpg,2
5483.jpg,1
5492.jpg,2
5501.jpg,4
5504.jpg,0
5510.jpg,2
5513.jpg,3
5515.jpg,3
5518.jpg,1
5523.jpg,4
5534.jpg,1
5540.jpg,3
5546.jpg,0
5554.jpg,3
5566.jpg,2
5574.jpg,1
5578.jpg,3
5579.jpg,0
5587.jpg,1
5594.jpg,1
5602.jpg,2
5603.jpg,4
5605.jpg,2
5607.jpg,2
5611.jpg,3
5615.jpg,3
5616.jpg,3
5617.jpg,0
5625.jpg,4
5634.jpg,2
5638.jpg,0
5641.jpg,3
5648.jpg,2
5655.jpg,3
5660.jpg,5
5661.jpg,0
5663.jpg,4
5664.jpg,5
5669.jpg,4
5670.jpg,5
5673.jpg,1
5674.jpg,1
5676.jpg,3
5677.jpg,5
5684.jpg,5
5688.jpg,2
5696.jpg,0
5697.jpg,3
5705.jpg,5
5707.jpg,3
5708.jpg,0
5710.jpg,4
5711.jpg,1
5715.jpg,2
5717.jpg,5
5722.jpg,3
5724.jpg,5
5727.jpg,4
5735.jpg,0
5747.jpg,4
5752.jpg,3
5755.jpg,3
5760.jpg,5
5761.jpg,0
5771.jpg,2
5772.jpg,4
5775.jpg,2
5776.jpg,2
5777.jpg,4
5779.jpg,3
5780.jpg,5
5781.jpg,1
5783.jpg,1
5784.jpg,2
5785.jpg,1
5788.jpg,0
5791.jpg,0
5794.jpg,5
5795.jpg,3
5799.jpg,3
5804.jpg,1
5810.jpg,4
5817.jpg,0
5818.jpg,1
5819.jpg,4
5822.jpg,4
5824.jpg,1
5835.jpg,1
5836.jpg,3
5837.jpg,5
5845.jpg,2
5846.jpg,5
5858.jpg,4
5865.jpg,4
5875.jpg,1
5878.jpg,3
5885.jpg,3
5890.jpg,3
5892.jpg,5
5893.jpg,5
5897.jpg,5
5900.jpg,4
5905.jpg,2
5908.jpg,5
5910.jpg,5
5915.jpg,3
5917.jpg,3
5919.jpg,0
5920.jpg,1
5921.jpg,3
5922.jpg,2
5925.jpg,3
5927.jpg,0
5928.jpg,3
5935.jpg,1
5941.jpg,1
5946.jpg,4
5948.jpg,5
5949.jpg,5
5950.jpg,1
5958.jpg,0
5963.jpg,3
5971.jpg,0
5972.jpg,2
5976.jpg,4
5977.jpg,4
5980.jpg,2
5989.jpg,5
5990.jpg,4
5994.jpg,2
6000.jpg,3
6002.jpg,2
6015.jpg,4
6016.jpg,1
6033.jpg,0
6034.jpg,3
6035.jpg,1
6040.jpg,1
6042.jpg,1
6044.jpg,2
6045.jpg,0
6049.jpg,1
6065.jpg,1
6067.jpg,3
6076.jpg,2
6080.jpg,0
6086.jpg,1
6097.jpg,5
6101.jpg,3
6105.jpg,0
6110.jpg,2
6115.jpg,3
6135.jpg,2
6137.jpg,1
6139.jpg,4
6144.jpg,5
6146.jpg,2
6155.jpg,5
6156.jpg,3
6157.jpg,3
6160.jpg,5
6174.jpg,5
6175.jpg,0
6178.jpg,2
6180.jpg,5
6182.jpg,5
6184.jpg,2
6187.jpg,0
6188.jpg,1
6197.jpg,4
6204.jpg,5
6205.jpg,0
6210.jpg,3
6220.jpg,2
6224.jpg,4
6225.jpg,2
6227.jpg,2
6230.jpg,2
6232.jpg,0
6235.jpg,0
6252.jpg,1
6256.jpg,3
6258.jpg,1
6261.jpg,4
6262.jpg,2
6267.jpg,3
6269.jpg,4
6272.jpg,3
6275.jpg,2
6276.jpg,3
6295.jpg,3
6298.jpg,2
6299.jpg,5
6301.jpg,4
6312.jpg,4
6314.jpg,3
6315.jpg,0
6316.jpg,2
6323.jpg,3
6327.jpg,3
6331.jpg,0
6335.jpg,2
6342.jpg,5
6346.jpg,0
6352.jpg,5
6355.jpg,0
6366.jpg,1
6368.jpg,4
6370.jpg,5
6377.jpg,2
6380.jpg,1
6386.jpg,0
6388.jpg,4
6393.jpg,5
6402.jpg,2
6406.jpg,3
6407.jpg,3
6408.jpg,5
6412.jpg,5
6413.jpg,4
6414.jpg,0
6416.jpg,2
6418.jpg,2
6420.jpg,0
6430.jpg,2
6434.jpg,5
6441.jpg,1
6447.jpg,2
6452.jpg,3
6456.jpg,1
6457.jpg,2
6458.jpg,1
6467.jpg,3
6471.jpg,3
6474.jpg,5
6477.jpg,4
6481.jpg,4
6486.jpg,5
6490.jpg,1
6494.jpg,3
6495.jpg,3
6510.jpg,3
6514.jpg,1
6515.jpg,5
6519.jpg,4
6523.jpg,1
6525.jpg,0
6526.jpg,0
6527.jpg,1
6530.jpg,1
6533.jpg,1
6537.jpg,0
6545.jpg,3
6558.jpg,5
6562.jpg,5
6564.jpg,5
6567.jpg,4
6575.jpg,2
6576.jpg,4
6578.jpg,1
6584.jpg,2
6587.jpg,0
6589.jpg,3
6594.jpg,5
6599.jpg,4
6601.jpg,3
6606.jpg,3
6613.jpg,5
6625.jpg,2
6632.jpg,3
6636.jpg,5
6642.jpg,4
6643.jpg,0
6645.jpg,3
6659.jpg,5
6667.jpg,3
6669.jpg,1
6675.jpg,2
6679.jpg,5
6680.jpg,1
6689.jpg,2
6700.jpg,0
6702.jpg,0
6710.jpg,0
6713.jpg,4
6718.jpg,0
6719.jpg,2
6723.jpg,1
6728.jpg,3
6742.jpg,4
6743.jpg,2
6744.jpg,4
6746.jpg,1
6747.jpg,0
6748.jpg,0
6750.jpg,4
6752.jpg,2
6754.jpg,5
6757.jpg,0
6760.jpg,3
6779.jpg,1
6790.jpg,3
6791.jpg,4
6796.jpg,2
6805.jpg,1
6812.jpg,1
6814.jpg,0
6827.jpg,3
6828.jpg,2
6829.jpg,2
6831.jpg,4
6834.jpg,4
6837.jpg,4
6844.jpg,4
6847.jpg,5
6853.jpg,4
6854.jpg,1
6856.jpg,4
6859.jpg,4
6867.jpg,4
6868.jpg,3
6869.jpg,3
6871.jpg,0
6877.jpg,3
6881.jpg,5
6884.jpg,0
6890.jpg,0
6894.jpg,0
6895.jpg,2
6896.jpg,1
6903.jpg,0
6907.jpg,3
6909.jpg,0
6911.jpg,4
6914.jpg,3
6918.jpg,4
6919.jpg,3
6923.jpg,2
6926.jpg,3
6927.jpg,0
6928.jpg,2
6929.jpg,2
6939.jpg,2
6940.jpg,1
6944.jpg,3
6949.jpg,3
6956.jpg,0
6958.jpg,0
6972.jpg,3
6978.jpg,2
6979.jpg,4
6982.jpg,2
6986.jpg,3
6990.jpg,1
6991.jpg,5
6993.jpg,4
6998.jpg,2
7000.jpg,4
7002.jpg,3
7004.jpg,4
7008.jpg,5
7009.jpg,1
7012.jpg,1
7016.jpg,5
7017.jpg,2
7018.jpg,3
7019.jpg,4
7020.jpg,3
7030.jpg,2
7033.jpg,4
7039.jpg,5
7041.jpg,5
7045.jpg,1
7049.jpg,3
7052.jpg,4
7054.jpg,0
7056.jpg,1
7058.jpg,4
7065.jpg,0
7074.jpg,5
7080.jpg,1
7086.jpg,2
7087.jpg,2
7091.jpg,0
7097.jpg,1
7102.jpg,1
7105.jpg,3
7108.jpg,0
7111.jpg,4
7113.jpg,3
7114.jpg,0
7118.jpg,0
7122.jpg,2
7123.jpg,1
7129.jpg,2
7132.jpg,5
7142.jpg,3
7143.jpg,0
7146.jpg,4
7150.jpg,4
7152.jpg,3
7155.jpg,5
7164.jpg,2
7173.jpg,4
7174.jpg,1
7175.jpg,1
7179.jpg,1
7185.jpg,0
7189.jpg,4
7191.jpg,2
7195.jpg,0
7196.jpg,4
7197.jpg,2
7199.jpg,2
7202.jpg,0
7205.jpg,2
7206.jpg,2
7212.jpg,4
7216.jpg,5
7223.jpg,5
7229.jpg,0
7236.jpg,5
7237.jpg,0
7241.jpg,0
7245.jpg,4
7251.jpg,2
7253.jpg,0
7255.jpg,3
7262.jpg,0
7264.jpg,2
7265.jpg,5
7271.jpg,1
7274.jpg,1
7277.jpg,0
7278.jpg,3
7291.jpg,0
7294.jpg,2
7297.jpg,4
7302.jpg,4
7303.jpg,5
7306.jpg,3
7307.jpg,4
7318.jpg,4
7319.jpg,2
7323.jpg,4
7325.jpg,0
7332.jpg,3
7339.jpg,1
7340.jpg,5
7341.jpg,5
7342.jpg,0
7344.jpg,2
7347.jpg,0
7359.jpg,3
7365.jpg,4
7375.jpg,3
7379.jpg,0
7380.jpg,2
7383.jpg,0
7386.jpg,2
7399.jpg,2
7402.jpg,2
7410.jpg,2
7411.jpg,1
7412.jpg,3
7413.jpg,2
7414.jpg,1
7416.jpg,3
7428.jpg,5
7439.jpg,0
7440.jpg,1
7442.jpg,3
7443.jpg,0
7445.jpg,5
7449.jpg,5
7450.jpg,4
7452.jpg,4
7455.jpg,0
7459.jpg,2
7461.jpg,4
7464.jpg,3
7485.jpg,4
7487.jpg,5
7494.jpg,2
7495.jpg,4
7498.jpg,0
7500.jpg,2
7502.jpg,2
7506.jpg,3
7520.jpg,0
7522.jpg,1
7523.jpg,5
7527.jpg,5
7529.jpg,5
7531.jpg,0
7539.jpg,3
7541.jpg,0
7547.jpg,0
7552.jpg,2
7553.jpg,0
7558.jpg,2
7562.jpg,0
7565.jpg,3
7574.jpg,0
7584.jpg,0
7587.jpg,1
7590.jpg,1
7591.jpg,5
7593.jpg,0
7595.jpg,1
7598.jpg,2
7600.jpg,0
7603.jpg,5
7610.jpg,0
7612.jpg,2
7618.jpg,5
7621.jpg,1
7626.jpg,5
7627.jpg,2
7629.jpg,1
7630.jpg,0
7633.jpg,2
7634.jpg,0
7635.jpg,2
7636.jpg,0
7637.jpg,0
7638.jpg,0
7644.jpg,1
7646.jpg,4
7648.jpg,2
7659.jpg,4
7664.jpg,4
7668.jpg,5
7669.jpg,4
7686.jpg,1
7692.jpg,5
7695.jpg,3
7698.jpg,3
7702.jpg,5
7710.jpg,0
7711.jpg,4
7713.jpg,4
7715.jpg,3
7717.jpg,5
7725.jpg,4
7726.jpg,5
7734.jpg,4
7735.jpg,4
7741.jpg,5
7764.jpg,4
7773.jpg,1
7775.jpg,4
7780.jpg,3
7781.jpg,2
7784.jpg,5
7786.jpg,5
7799.jpg,1
7805.jpg,1
7807.jpg,0
7810.jpg,2
7814.jpg,1
7822.jpg,0
7829.jpg,5
7836.jpg,3
7842.jpg,3
7845.jpg,3
7849.jpg,3
7851.jpg,3
7853.jpg,5
7854.jpg,1
7856.jpg,0
7873.jpg,1
7885.jpg,3
7886.jpg,1
7889.jpg,5
7890.jpg,0
7891.jpg,0
7892.jpg,2
7910.jpg,5
7913.jpg,1
7914.jpg,1
7915.jpg,1
7916.jpg,1
7922.jpg,3
7930.jpg,0
7932.jpg,1
7937.jpg,0
7940.jpg,1
7941.jpg,2
7946.jpg,3
7953.jpg,2
7955.jpg,1
7956.jpg,2
7961.jpg,4
7963.jpg,1
7967.jpg,2
7971.jpg,4
7973.jpg,3
7977.jpg,1
7981.jpg,1
7990.jpg,4
7994.jpg,0
8001.jpg,0
8006.jpg,4
8009.jpg,3
8016.jpg,1
8018.jpg,0
8023.jpg,1
8027.jpg,2
8028.jpg,4
8029.jpg,5
8031.jpg,5
8032.jpg,5
8033.jpg,1
8034.jpg,1
8044.jpg,3
8045.jpg,3
8054.jpg,0
8055.jpg,5
8061.jpg,5
8074.jpg,2
8081.jpg,0
8100.jpg,0
8107.jpg,0
8109.jpg,3
8113.jpg,1
8115.jpg,2
8116.jpg,2
8119.jpg,2
8122.jpg,5
8126.jpg,3
8143.jpg,5
8145.jpg,1
8146.jpg,3
8152.jpg,5
8159.jpg,0
8161.jpg,3
8166.jpg,1
8169.jpg,3
8171.jpg,0
8177.jpg,1
8188.jpg,1
8194.jpg,2
8202.jpg,0
8203.jpg,4
8212.jpg,2
8213.jpg,3
8218.jpg,2
8220.jpg,2
8224.jpg,2
8228.jpg,0
8233.jpg,4
8234.jpg,2
8237.jpg,2
8245.jpg,3
8248.jpg,4
8253.jpg,5
8254.jpg,5
8259.jpg,2
8260.jpg,3
8261.jpg,0
8262.jpg,5
8266.jpg,3
8275.jpg,1
8280.jpg,5
8281.jpg,2
8301.jpg,1
8308.jpg,3
8309.jpg,1
8311.jpg,5
8312.jpg,0
8314.jpg,5
8322.jpg,4
8327.jpg,3
8328.jpg,1
8331.jpg,3
8333.jpg,1
8335.jpg,3
8336.jpg,5
8340.jpg,4
8344.jpg,4
8353.jpg,5
8354.jpg,5
8357.jpg,0
8363.jpg,0
8364.jpg,2
8379.jpg,1
8381.jpg,5
8387.jpg,5
8421.jpg,0
8425.jpg,4
8427.jpg,1
8428.jpg,5
8431.jpg,0
8435.jpg,0
8436.jpg,3
8442.jpg,1
8446.jpg,5
8448.jpg,1
8450.jpg,3
8457.jpg,4
8459.jpg,1
8466.jpg,3
8474.jpg,0
8475.jpg,0
8477.jpg,4
8480.jpg,1
8486.jpg,3
8494.jpg,1
8497.jpg,1
8498.jpg,3
8502.jpg,4
8503.jpg,5
8509.jpg,4
8515.jpg,4
8527.jpg,5
8528.jpg,5
8531.jpg,1
8533.jpg,5
8536.jpg,3
8539.jpg,1
8540.jpg,2
8541.jpg,4
8543.jpg,5
8548.jpg,5
8549.jpg,3
8558.jpg,2
8562.jpg,2
8566.jpg,1
8575.jpg,4
8579.jpg,1
8585.jpg,2
8589.jpg,5
8590.jpg,2
8592.jpg,0
8594.jpg,3
8595.jpg,1
8599.jpg,1
8600.jpg,1
8603.jpg,4
8605.jpg,4
8616.jpg,4
8624.jpg,5
8633.jpg,1
8634.jpg,1
8637.jpg,1
8639.jpg,0
8644.jpg,1
8648.jpg,4
8659.jpg,0
8670.jpg,3
8671.jpg,5
8674.jpg,1
8676.jpg,3
8686.jpg,2
8689.jpg,1
8695.jpg,3
8699.jpg,4
8701.jpg,0
8702.jpg,4
8703.jpg,3
8705.jpg,0
8720.jpg,5
8725.jpg,3
8731.jpg,4
8734.jpg,3
8735.jpg,2
8739.jpg,4
8741.jpg,2
8742.jpg,3
8744.jpg,3
8746.jpg,0
8747.jpg,5
8750.jpg,1
8752.jpg,0
8754.jpg,5
8755.jpg,5
8760.jpg,5
8767.jpg,4
8773.jpg,3
8774.jpg,5
8782.jpg,3
8791.jpg,3
8793.jpg,2
8797.jpg,0
8800.jpg,2
8801.jpg,0
8803.jpg,3
8811.jpg,3
8818.jpg,5
8821.jpg,0
8831.jpg,3
8838.jpg,0
8847.jpg,2
8855.jpg,3
8856.jpg,1
8857.jpg,1
8859.jpg,0
8864.jpg,5
8866.jpg,5
8867.jpg,2
8890.jpg,2
8896.jpg,0
8897.jpg,0
8906.jpg,1
8907.jpg,5
8909.jpg,2
8914.jpg,0
8919.jpg,5
8920.jpg,4
8924.jpg,3
8928.jpg,5
8930.jpg,4
8932.jpg,3
8937.jpg,3
8938.jpg,1
8947.jpg,5
8948.jpg,0
8949.jpg,5
8952.jpg,4
8955.jpg,4
8957.jpg,1
8964.jpg,0
8977.jpg,1
8982.jpg,2
9002.jpg,0
9004.jpg,5
9007.jpg,0
9008.jpg,4
9011.jpg,1
9012.jpg,3
9013.jpg,1
9017.jpg,4
9018.jpg,0
9019.jpg,0
9025.jpg,1
9032.jpg,0
9035.jpg,4
9043.jpg,5
9045.jpg,3
9046.jpg,3
9049.jpg,5
9057.jpg,4
9058.jpg,4
9060.jpg,1
9061.jpg,4
9069.jpg,4
9073.jpg,3
9074.jpg,4
9077.jpg,4
9078.jpg,1
9080.jpg,5
9083.jpg,3
9091.jpg,2
9096.jpg,1
9104.jpg,1
9106.jpg,4
9117.jpg,0
9135.jpg,0
9140.jpg,2
9146.jpg,3
9148.jpg,5
9149.jpg,1
9153.jpg,3
9155.jpg,3
9156.jpg,1
9159.jpg,2
9172.jpg,4
9176.jpg,1
9186.jpg,3
9189.jpg,0
9196.jpg,0
9199.jpg,4
9202.jpg,0
9206.jpg,1
9216.jpg,1
9219.jpg,1
9221.jpg,4
9222.jpg,2
9229.jpg,3
9230.jpg,4
9231.jpg,0
9234.jpg,5
9239.jpg,3
9251.jpg,2
9258.jpg,1
9267.jpg,3
9273.jpg,3
9278.jpg,5
9282.jpg,4
9286.jpg,3
9289.jpg,4
9291.jpg,0
9297.jpg,0
9299.jpg,5
9300.jpg,1
9304.jpg,1
9306.jpg,4
9308.jpg,1
9309.jpg,3
9310.jpg,4
9312.jpg,0
9313.jpg,4
9323.jpg,1
9325.jpg,3
9329.jpg,0
9330.jpg,3
9332.jpg,0
9335.jpg,4
9339.jpg,4
9342.jpg,5
9344.jpg,2
9346.jpg,5
9349.jpg,5
9350.jpg,5
9352.jpg,5
9366.jpg,1
9368.jpg,1
9372.jpg,2
9375.jpg,4
9376.jpg,5
9377.jpg,1
9388.jpg,2
9389.jpg,1
9394.jpg,4
9408.jpg,4
9410.jpg,0
9417.jpg,5
9426.jpg,2
9442.jpg,5
9445.jpg,3
9455.jpg,3
9459.jpg,4
9463.jpg,1
9464.jpg,4
9466.jpg,2
9472.jpg,1
9475.jpg,4
9480.jpg,2
9482.jpg,5
9484.jpg,5
9487.jpg,0
9493.jpg,3
9495.jpg,1
9503.jpg,4
9504.jpg,1
9506.jpg,4
9512.jpg,1
9514.jpg,4
9516.jpg,5
9518.jpg,2
9519.jpg,4
9520.jpg,0
9525.jpg,1
9531.jpg,3
9533.jpg,3
9547.jpg,2
9555.jpg,2
9558.jpg,2
9560.jpg,3
9563.jpg,2
9568.jpg,3
9570.jpg,0
9571.jpg,2
9575.jpg,4
9576.jpg,2
9581.jpg,5
9585.jpg,1
9587.jpg,2
9589.jpg,4
9592.jpg,2
9605.jpg,1
9606.jpg,1
9610.jpg,3
9613.jpg,4
9615.jpg,1
9616.jpg,1
9621.jpg,4
9627.jpg,0
9628.jpg,4
9646.jpg,2
9647.jpg,1
9648.jpg,4
9650.jpg,2
9658.jpg,1
9662.jpg,5
9663.jpg,1
9670.jpg,1
9672.jpg,1
9673.jpg,0
9674.jpg,2
9681.jpg,3
9687.jpg,5
9690.jpg,5
9695.jpg,4
9703.jpg,3
9707.jpg,5
9717.jpg,5
9719.jpg,3
9734.jpg,5
9750.jpg,0
9753.jpg,4
9755.jpg,4
9758.jpg,1
9759.jpg,4
9767.jpg,0
9768.jpg,0
9774.jpg,4
9776.jpg,3
9781.jpg,1
9788.jpg,2
9789.jpg,1
9793.jpg,3
9797.jpg,4
9801.jpg,3
9808.jpg,1
9817.jpg,5
9819.jpg,0
9821.jpg,0
9822.jpg,3
9825.jpg,3
9830.jpg,4
9831.jpg,2
9832.jpg,3
9835.jpg,3
9850.jpg,4
9851.jpg,3
9852.jpg,1
9857.jpg,4
9861.jpg,3
9862.jpg,0
9883.jpg,1
9884.jpg,3
9885.jpg,5
9895.jpg,5
9896.jpg,3
9904.jpg,1
9913.jpg,0
9916.jpg,4
9918.jpg,0
9919.jpg,2
9925.jpg,0
9928.jpg,3
9930.jpg,1
9935.jpg,2
9937.jpg,4
9938.jpg,0
9942.jpg,0
9944.jpg,1
9946.jpg,0
9948.jpg,0
9953.jpg,5
9955.jpg,1
9956.jpg,2
9957.jpg,3
9959.jpg,5
9961.jpg,5
9962.jpg,0
9964.jpg,1
9974.jpg,2
9977.jpg,0
9978.jpg,5
9980.jpg,3
9983.jpg,1
9984.jpg,2
9989.jpg,5
9991.jpg,2
9997.jpg,2
9998.jpg,2
9999.jpg,4
10000.jpg,3
10001.jpg,3
10009.jpg,2
10010.jpg,1
10011.jpg,2
10014.jpg,0
10015.jpg,5
10019.jpg,5
10024.jpg,2
10025.jpg,2
10027.jpg,3
10029.jpg,0
10032.jpg,0
10039.jpg,5
10046.jpg,3
10049.jpg,3
10051.jpg,1
10056.jpg,0
10071.jpg,4
10072.jpg,5
10075.jpg,3
10077.jpg,2
10080.jpg,4
10085.jpg,5
10089.jpg,1
10094.jpg,2
10098.jpg,1
10103.jpg,1
10104.jpg,2
10108.jpg,4
10110.jpg,2
10112.jpg,5
10113.jpg,0
10114.jpg,4
10116.jpg,1
10120.jpg,4
10121.jpg,1
10123.jpg,1
10130.jpg,2
10135.jpg,1
10144.jpg,0
10151.jpg,0
10160.jpg,2
10162.jpg,3
10167.jpg,2
10176.jpg,0
10177.jpg,4
10181.jpg,3
10184.jpg,0
10186.jpg,1
10194.jpg,1
10213.jpg,5
10214.jpg,3
10215.jpg,5
10220.jpg,2
10227.jpg,5
10228.jpg,0
10229.jpg,3
10236.jpg,5
10239.jpg,1
10242.jpg,1
10245.jpg,4
10248.jpg,2
10255.jpg,5
10257.jpg,0
10258.jpg,1
10260.jpg,5
10262.jpg,4
10263.jpg,1
10268.jpg,3
10271.jpg,4
10275.jpg,1
10279.jpg,5
10285.jpg,1
10300.jpg,3
10301.jpg,2
10304.jpg,4
10312.jpg,0
10317.jpg,5
10319.jpg,3
10323.jpg,3
10324.jpg,3
10326.jpg,2
10329.jpg,3
10330.jpg,1
10331.jpg,5
10334.jpg,3
10341.jpg,1
10343.jpg,4
10346.jpg,1
10362.jpg,0
10367.jpg,0
10368.jpg,1
10374.jpg,0
10389.jpg,2
10394.jpg,1
10407.jpg,3
10411.jpg,1
10416.jpg,4
10417.jpg,1
10418.jpg,3
10426.jpg,4
10429.jpg,4
10430.jpg,5
10433.jpg,4
10438.jpg,3
10442.jpg,2
10443.jpg,4
10444.jpg,0
10452.jpg,0
10454.jpg,3
10463.jpg,5
10464.jpg,1
10467.jpg,2
10474.jpg,3
10489.jpg,0
10492.jpg,1
10493.jpg,4
10494.jpg,4
10499.jpg,0
10504.jpg,5
10506.jpg,3
10508.jpg,2
10514.jpg,5
10517.jpg,3
10521.jpg,3
10524.jpg,5
10525.jpg,4
10536.jpg,2
10541.jpg,3
10546.jpg,1
10547.jpg,5
10548.jpg,5
10550.jpg,4
10551.jpg,4
10553.jpg,0
10554.jpg,3
10556.jpg,4
10563.jpg,3
10564.jpg,3
10566.jpg,3
10570.jpg,0
10574.jpg,3
10576.jpg,0
10581.jpg,3
10584.jpg,4
10588.jpg,5
10589.jpg,2
10592.jpg,2
10594.jpg,3
10602.jpg,4
10605.jpg,1
10607.jpg,1
10608.jpg,0
10617.jpg,5
10619.jpg,4
10620.jpg,0
10630.jpg,0
10632.jpg,5
10636.jpg,3
10637.jpg,2
10643.jpg,5
10645.jpg,1
10646.jpg,0
10650.jpg,2
10656.jpg,0
10658.jpg,4
10662.jpg,5
10663.jpg,2
10667.jpg,3
10671.jpg,4
10672.jpg,0
10684.jpg,1
10686.jpg,4
10689.jpg,2
10693.jpg,2
10705.jpg,1
10716.jpg,3
10718.jpg,1
10720.jpg,0
10721.jpg,1
10723.jpg,2
10727.jpg,3
10735.jpg,5
10739.jpg,4
10740.jpg,4
10753.jpg,4
10757.jpg,1
10767.jpg,5
10773.jpg,4
10777.jpg,5
10795.jpg,2
10798.jpg,0
10800.jpg,3
10809.jpg,0
10810.jpg,3
10820.jpg,2
10821.jpg,3
10828.jpg,0
10834.jpg,5
10838.jpg,2
10840.jpg,4
10845.jpg,5
10846.jpg,4
10848.jpg,2
10851.jpg,5
10856.jpg,4
10861.jpg,1
10862.jpg,3
10867.jpg,5
10870.jpg,2
10886.jpg,0
10889.jpg,4
10892.jpg,0
10896.jpg,1
10899.jpg,0
10902.jpg,2
10908.jpg,4
10909.jpg,1
10911.jpg,0
10912.jpg,2
10915.jpg,5
10921.jpg,0
10926.jpg,2
10935.jpg,2
10946.jpg,1
10947.jpg,4
10951.jpg,5
10955.jpg,4
10963.jpg,0
10966.jpg,2
10970.jpg,2
10971.jpg,2
10972.jpg,5
10974.jpg,2
10977.jpg,3
10980.jpg,5
10983.jpg,4
10984.jpg,5
10985.jpg,5
10994.jpg,2
10995.jpg,4
10997.jpg,0
11002.jpg,5
11016.jpg,2
11018.jpg,2
11023.jpg,3
11029.jpg,5
11030.jpg,4
11032.jpg,3
11034.jpg,3
11041.jpg,1
11042.jpg,0
11044.jpg,3
11047.jpg,4
11048.jpg,5
11049.jpg,3
11051.jpg,2
11054.jpg,0
11055.jpg,0
11057.jpg,3
11060.jpg,5
11062.jpg,1
11070.jpg,2
11075.jpg,3
11076.jpg,1
11083.jpg,1
11084.jpg,0
11107.jpg,4
11110.jpg,2
11111.jpg,3
11113.jpg,5
11117.jpg,0
11118.jpg,3
11132.jpg,3
11139.jpg,2
11152.jpg,4
11154.jpg,5
11160.jpg,4
11161.jpg,2
11162.jpg,1
11169.jpg,5
11173.jpg,0
11178.jpg,5
11182.jpg,2
11184.jpg,4
11185.jpg,2
11190.jpg,2
11196.jpg,1
11197.jpg,0
11203.jpg,0
11204.jpg,1
11207.jpg,5
11212.jpg,1
11213.jpg,1
11217.jpg,3
11221.jpg,1
11223.jpg,3
11229.jpg,1
11232.jpg,3
11235.jpg,0
11236.jpg,5
11237.jpg,4
11239.jpg,1
11241.jpg,2
11246.jpg,5
11254.jpg,3
11262.jpg,1
11263.jpg,2
11265.jpg,3
11266.jpg,2
11271.jpg,4
11276.jpg,3
11284.jpg,3
11288.jpg,5
11290.jpg,0
11296.jpg,1
11297.jpg,2
11304.jpg,2
11312.jpg,2
11316.jpg,0
11319.jpg,3
11321.jpg,4
11325.jpg,5
11332.jpg,2
11336.jpg,2
11338.jpg,0
11349.jpg,0
11360.jpg,2
11363.jpg,0
11367.jpg,3
11369.jpg,1
11372.jpg,1
11374.jpg,0
11375.jpg,1
11376.jpg,1
11380.jpg,2
11381.jpg,5
11382.jpg,4
11388.jpg,4
11389.jpg,1
11390.jpg,4
11396.jpg,3
11400.jpg,1
11401.jpg,2
11405.jpg,1
11410.jpg,0
11412.jpg,4
11413.jpg,5
11424.jpg,5
11428.jpg,0
11434.jpg,1
11446.jpg,1
11456.jpg,2
11457.jpg,3
11459.jpg,5
11468.jpg,2
11471.jpg,0
11475.jpg,2
11476.jpg,4
11479.jpg,1
11482.jpg,4
11490.jpg,3
11491.jpg,3
11492.jpg,4
11494.jpg,0
11499.jpg,0
11506.jpg,5
11507.jpg,4
11510.jpg,1
11512.jpg,3
11513.jpg,2
11532.jpg,4
11536.jpg,2
11539.jpg,2
11541.jpg,1
11543.jpg,4
11552.jpg,5
11554.jpg,3
11555.jpg,2
11556.jpg,1
11558.jpg,5
11559.jpg,4
11560.jpg,0
11561.jpg,4
11562.jpg,3
11570.jpg,0
11608.jpg,5
11609.jpg,2
11610.jpg,1
11611.jpg,5
11612.jpg,2
11621.jpg,0
11625.jpg,5
11629.jpg,2
11632.jpg,4
11636.jpg,2
11637.jpg,3
11639.jpg,1
11646.jpg,2
11653.jpg,4
11656.jpg,1
11658.jpg,0
11663.jpg,2
11669.jpg,3
11673.jpg,1
11675.jpg,4
11677.jpg,3
11681.jpg,4
11683.jpg,1
11684.jpg,4
11687.jpg,1
11690.jpg,3
11696.jpg,0
11697.jpg,1
11701.jpg,4
11707.jpg,5
11708.jpg,4
11710.jpg,5
11717.jpg,5
11718.jpg,0
11737.jpg,5
11739.jpg,4
11744.jpg,5
11748.jpg,3
11749.jpg,4
11751.jpg,4
11753.jpg,0
11754.jpg,4
11762.jpg,3
11764.jpg,1
11765.jpg,4
11768.jpg,2
11772.jpg,4
11777.jpg,5
11779.jpg,3
11780.jpg,0
11784.jpg,1
11785.jpg,1
11790.jpg,3
11797.jpg,4
11799.jpg,5
11801.jpg,5
11807.jpg,4
11808.jpg,0
11816.jpg,3
11821.jpg,2
11823.jpg,5
11824.jpg,2
11826.jpg,5
11829.jpg,2
11830.jpg,1
11831.jpg,2
11836.jpg,5
11842.jpg,3
11844.jpg,4
11845.jpg,0
11846.jpg,1
11850.jpg,5
11857.jpg,5
11859.jpg,4
11861.jpg,4
11864.jpg,3
11865.jpg,3
11866.jpg,1
11868.jpg,1
11871.jpg,3
11872.jpg,5
11883.jpg,0
11889.jpg,5
11894.jpg,3
11896.jpg,4
11906.jpg,5
11908.jpg,1
11911.jpg,2
11913.jpg,5
11914.jpg,2
11917.jpg,5
11918.jpg,1
11921.jpg,1
11923.jpg,1
11925.jpg,1
11929.jpg,0
11931.jpg,1
11936.jpg,2
11937.jpg,0
11939.jpg,5
11941.jpg,0
11943.jpg,2
11945.jpg,0
11947.jpg,0
11954.jpg,5
11955.jpg,3
11956.jpg,3
11959.jpg,0
11960.jpg,5
11961.jpg,0
11967.jpg,1
11973.jpg,5
11976.jpg,5
11977.jpg,1
11978.jpg,1
11979.jpg,1
11981.jpg,3
11985.jpg,4
11988.jpg,2
11989.jpg,3
11990.jpg,0
11994.jpg,2
11999.jpg,1
12002.jpg,4
12005.jpg,5
12008.jpg,3
12009.jpg,2
12010.jpg,0
12011.jpg,2
12014.jpg,3
12018.jpg,1
12019.jpg,4
12021.jpg,5
12025.jpg,2
12028.jpg,0
12030.jpg,3
12034.jpg,1
12038.jpg,1
12044.jpg,2
12047.jpg,3
12049.jpg,1
12050.jpg,0
12055.jpg,4
12063.jpg,0
12068.jpg,0
12070.jpg,0
12071.jpg,4
12074.jpg,5
12077.jpg,1
12081.jpg,3
12094.jpg,1
12096.jpg,1
12097.jpg,2
12111.jpg,2
12116.jpg,4
12117.jpg,3
12122.jpg,2
12130.jpg,5
12134.jpg,0
12144.jpg,0
12145.jpg,3
12146.jpg,4
12154.jpg,1
12156.jpg,1
12161.jpg,5
12164.jpg,3
12166.jpg,2
12168.jpg,0
12170.jpg,1
12174.jpg,4
12175.jpg,2
12181.jpg,2
12187.jpg,2
12188.jpg,1
12191.jpg,3
12196.jpg,5
12197.jpg,3
12200.jpg,0
12202.jpg,3
12203.jpg,5
12204.jpg,4
12206.jpg,5
12208.jpg,1
12209.jpg,2
12218.jpg,3
12224.jpg,2
12225.jpg,1
12226.jpg,4
12227.jpg,1
12232.jpg,0
12235.jpg,4
12236.jpg,2
12237.jpg,3
12245.jpg,2
12256.jpg,3
12257.jpg,0
12265.jpg,0
12273.jpg,0
12281.jpg,5
12287.jpg,4
12294.jpg,2
12295.jpg,0
12300.jpg,4
12306.jpg,4
12307.jpg,4
12314.jpg,4
12320.jpg,3
12322.jpg,2
12330.jpg,0
12336.jpg,1
12338.jpg,4
12344.jpg,3
12346.jpg,1
12348.jpg,0
12357.jpg,4
12358.jpg,2
12360.jpg,5
12365.jpg,2
12372.jpg,1
12378.jpg,2
12379.jpg,5
12380.jpg,5
12386.jpg,3
12388.jpg,1
12396.jpg,0
12398.jpg,5
12400.jpg,0
12401.jpg,2
12403.jpg,4
12406.jpg,0
12412.jpg,3
12416.jpg,4
12428.jpg,4
12429.jpg,4
12431.jpg,1
12432.jpg,0
12433.jpg,3
12438.jpg,5
12440.jpg,2
12442.jpg,4
12448.jpg,5
12451.jpg,0
12455.jpg,5
12460.jpg,4
12470.jpg,2
12472.jpg,3
12477.jpg,3
12481.jpg,5
12482.jpg,2
12485.jpg,4
12489.jpg,0
12490.jpg,1
12492.jpg,2
12505.jpg,3
12509.jpg,3
12510.jpg,2
12513.jpg,0
12518.jpg,3
12522.jpg,3
12524.jpg,2
12530.jpg,5
12534.jpg,3
12536.jpg,0
12539.jpg,1
12551.jpg,0
12562.jpg,4
12568.jpg,4
12569.jpg,1
12572.jpg,1
12579.jpg,3
12590.jpg,0
12593.jpg,2
12594.jpg,1
12596.jpg,4
12598.jpg,3
12602.jpg,0
12603.jpg,5
12610.jpg,1
12617.jpg,0
12619.jpg,4
12624.jpg,2
12630.jpg,1
12632.jpg,0
12639.jpg,3
12646.jpg,1
12647.jpg,2
12649.jpg,0
12653.jpg,5
12664.jpg,1
12668.jpg,0
12672.jpg,1
12678.jpg,3
12679.jpg,1
12680.jpg,0
12696.jpg,3
12698.jpg,3
12710.jpg,3
12718.jpg,1
12726.jpg,1
12727.jpg,0
12728.jpg,3
12732.jpg,2
12736.jpg,0
12739.jpg,1
12741.jpg,0
12742.jpg,2
12743.jpg,1
12744.jpg,0
12746.jpg,2
12748.jpg,3
12750.jpg,3
12755.jpg,0
12757.jpg,1
12760.jpg,3
12762.jpg,5
12766.jpg,0
12771.jpg,5
12773.jpg,5
12775.jpg,4
12782.jpg,0
12783.jpg,1
12793.jpg,2
12798.jpg,3
12803.jpg,2
12805.jpg,2
12810.jpg,2
12827.jpg,0
12829.jpg,3
12837.jpg,3
12840.jpg,2
12843.jpg,4
12852.jpg,4
12857.jpg,5
12861.jpg,5
12868.jpg,1
12870.jpg,5
12872.jpg,2
12874.jpg,0
12881.jpg,1
12882.jpg,4
12885.jpg,4
12890.jpg,1
12892.jpg,4
12893.jpg,2
12897.jpg,2
12900.jpg,1
12903.jpg,3
12910.jpg,4
12913.jpg,0
12927.jpg,1
12933.jpg,4
12934.jpg,0
12935.jpg,5
12938.jpg,0
12942.jpg,0
12943.jpg,0
12944.jpg,3
12950.jpg,3
12957.jpg,2
12965.jpg,4
12967.jpg,1
12968.jpg,1
12986.jpg,3
12990.jpg,0
12995.jpg,4
12996.jpg,0
13003.jpg,2
13008.jpg,0
13009.jpg,2
13010.jpg,0
13013.jpg,3
13019.jpg,3
13020.jpg,5
13024.jpg,0
13027.jpg,0
13030.jpg,3
13040.jpg,2
13044.jpg,4
13045.jpg,1
13046.jpg,5
13048.jpg,2
13067.jpg,3
13071.jpg,3
13075.jpg,1
13076.jpg,1
13077.jpg,4
13078.jpg,4
13079.jpg,0
13086.jpg,1
13099.jpg,4
13103.jpg,2
13105.jpg,3
13106.jpg,5
13114.jpg,1
13115.jpg,4
13117.jpg,3
13121.jpg,1
13124.jpg,0
13127.jpg,3
13130.jpg,1
13139.jpg,3
13140.jpg,1
13142.jpg,1
13143.jpg,0
13144.jpg,4
13146.jpg,3
13153.jpg,4
13154.jpg,5
13155.jpg,1
13166.jpg,4
13172.jpg,3
13177.jpg,3
13181.jpg,2
13182.jpg,2
13183.jpg,0
13185.jpg,5
13187.jpg,5
13189.jpg,2
13190.jpg,5
13191.jpg,0
13196.jpg,5
13200.jpg,3
13201.jpg,2
13215.jpg,5
13217.jpg,2
13218.jpg,5
13221.jpg,5
13233.jpg,5
13234.jpg,0
13235.jpg,4
13240.jpg,3
13258.jpg,0
13263.jpg,1
13264.jpg,2
13265.jpg,2
13266.jpg,2
13267.jpg,2
13268.jpg,1
13270.jpg,1
13273.jpg,4
13274.jpg,1
13276.jpg,0
13279.jpg,2
13281.jpg,3
13285.jpg,2
13286.jpg,3
13288.jpg,2
13293.jpg,4
13294.jpg,4
13300.jpg,2
13306.jpg,4
13309.jpg,1
13311.jpg,4
13314.jpg,4
13320.jpg,4
13323.jpg,5
13328.jpg,2
13353.jpg,2
13364.jpg,0
13376.jpg,3
13378.jpg,1
13383.jpg,0
13385.jpg,2
13388.jpg,1
13393.jpg,3
13395.jpg,0
13401.jpg,5
13404.jpg,0
13405.jpg,3
13417.jpg,2
13419.jpg,3
13426.jpg,5
13430.jpg,5
13431.jpg,1
13437.jpg,5
13440.jpg,2
13449.jpg,1
13451.jpg,4
13455.jpg,4
13463.jpg,0
13470.jpg,0
13477.jpg,0
13479.jpg,4
13483.jpg,2
13486.jpg,0
13487.jpg,1
13494.jpg,4
13496.jpg,5
13497.jpg,3
13502.jpg,4
13505.jpg,3
13507.jpg,5
13508.jpg,1
13523.jpg,4
13524.jpg,5
13526.jpg,0
13535.jpg,4
13538.jpg,0
13544.jpg,5
13546.jpg,3
13553.jpg,3
13557.jpg,5
13564.jpg,5
13567.jpg,5
13568.jpg,0
13573.jpg,5
13579.jpg,0
13582.jpg,1
13583.jpg,0
13590.jpg,0
13599.jpg,0
13600.jpg,4
13602.jpg,2
13603.jpg,0
13629.jpg,0
13632.jpg,5
13640.jpg,0
13643.jpg,5
13644.jpg,2
13645.jpg,4
13664.jpg,5
13665.jpg,4
13667.jpg,2
13669.jpg,5
13676.jpg,0
13677.jpg,2
13679.jpg,4
13687.jpg,1
13691.jpg,2
13697.jpg,0
13700.jpg,2
13701.jpg,2
13706.jpg,2
13709.jpg,2
13710.jpg,4
13711.jpg,3
13717.jpg,5
13719.jpg,5
13725.jpg,2
13729.jpg,2
13730.jpg,3
13732.jpg,1
13733.jpg,1
13740.jpg,5
13741.jpg,0
13743.jpg,2
13750.jpg,5
13757.jpg,4
13762.jpg,4
13766.jpg,2
13767.jpg,1
13771.jpg,2
13775.jpg,2
13779.jpg,0
13784.jpg,4
13788.jpg,3
13789.jpg,1
13790.jpg,0
13800.jpg,2
13801.jpg,2
13806.jpg,0
13812.jpg,0
13813.jpg,0
13815.jpg,0
13818.jpg,3
13828.jpg,4
13832.jpg,5
13839.jpg,1
13842.jpg,2
13843.jpg,0
13847.jpg,2
13848.jpg,0
13849.jpg,3
13860.jpg,0
13864.jpg,3
13868.jpg,3
13873.jpg,4
13874.jpg,5
13881.jpg,5
13882.jpg,0
13886.jpg,4
13887.jpg,4
13899.jpg,2
13901.jpg,0
13919.jpg,2
13920.jpg,5
13922.jpg,1
13924.jpg,2
13925.jpg,5
13932.jpg,0
13935.jpg,5
13937.jpg,1
13940.jpg,2
13942.jpg,1
13946.jpg,0
13951.jpg,0
13953.jpg,2
13954.jpg,5
13956.jpg,2
13957.jpg,1
13960.jpg,5
13961.jpg,0
13966.jpg,2
13969.jpg,0
13970.jpg,1
13983.jpg,0
13985.jpg,5
13988.jpg,2
13995.jpg,5
13996.jpg,1
14008.jpg,5
14010.jpg,2
14012.jpg,2
14014.jpg,0
14015.jpg,5
14016.jpg,0
14023.jpg,5
14029.jpg,3
14035.jpg,0
14036.jpg,3
14040.jpg,2
14047.jpg,1
14056.jpg,4
14057.jpg,4
14059.jpg,1
14060.jpg,3
14062.jpg,1
14063.jpg,1
14067.jpg,1
14070.jpg,4
14071.jpg,5
14074.jpg,2
14077.jpg,5
14091.jpg,2
14092.jpg,0
14094.jpg,0
14097.jpg,5
14100.jpg,4
14105.jpg,3
14106.jpg,5
14107.jpg,4
14109.jpg,4
14110.jpg,2
14111.jpg,3
14114.jpg,0
14116.jpg,1
14117.jpg,3
14122.jpg,2
14129.jpg,5
14134.jpg,5
14141.jpg,4
14146.jpg,2
14148.jpg,0
14167.jpg,2
14168.jpg,5
14170.jpg,4
14173.jpg,4
14174.jpg,1
14175.jpg,3
14178.jpg,4
14185.jpg,1
14187.jpg,4
14190.jpg,3
14194.jpg,0
14207.jpg,3
14221.jpg,3
14223.jpg,1
14225.jpg,1
14229.jpg,1
14238.jpg,5
14243.jpg,3
14249.jpg,1
14255.jpg,3
14260.jpg,5
14262.jpg,2
14266.jpg,5
14275.jpg,5
14282.jpg,3
14288.jpg,3
14289.jpg,1
14290.jpg,2
14298.jpg,2
14299.jpg,3
14300.jpg,0
14304.jpg,5
14318.jpg,0
14321.jpg,0
14322.jpg,5
14325.jpg,2
14330.jpg,4
14337.jpg,4
14338.jpg,1
14342.jpg,5
14358.jpg,2
14362.jpg,2
14366.jpg,4
14371.jpg,1
14373.jpg,3
14377.jpg,5
14385.jpg,1
14388.jpg,5
14389.jpg,0
14397.jpg,2
14403.jpg,3
14409.jpg,2
14411.jpg,4
14416.jpg,0
14418.jpg,5
14423.jpg,1
14431.jpg,2
14435.jpg,2
14436.jpg,2
14439.jpg,0
14443.jpg,3
14458.jpg,4
14464.jpg,0
14468.jpg,4
14469.jpg,4
14474.jpg,0
14477.jpg,1
14482.jpg,5
14483.jpg,3
14489.jpg,4
14495.jpg,1
14497.jpg,1
14500.jpg,2
14502.jpg,1
14507.jpg,2
14509.jpg,2
14510.jpg,1
14519.jpg,4
14523.jpg,3
14529.jpg,3
14535.jpg,0
14541.jpg,4
14547.jpg,2
14551.jpg,5
14553.jpg,4
14567.jpg,5
14572.jpg,5
14573.jpg,4
14575.jpg,3
14577.jpg,0
14582.jpg,3
14586.jpg,5
14590.jpg,5
14597.jpg,3
14602.jpg,3
14605.jpg,3
14607.jpg,5
14609.jpg,1
14615.jpg,2
14617.jpg,1
14621.jpg,1
14623.jpg,1
14626.jpg,4
14630.jpg,4
14632.jpg,1
14639.jpg,2
14642.jpg,1
14646.jpg,3
14648.jpg,1
14659.jpg,5
14661.jpg,0
14662.jpg,0
14663.jpg,4
14671.jpg,5
14681.jpg,0
14687.jpg,5
14692.jpg,5
14693.jpg,5
14700.jpg,1
14702.jpg,1
14704.jpg,0
14707.jpg,0
14708.jpg,0
14709.jpg,2
14712.jpg,1
14713.jpg,4
14716.jpg,3
14717.jpg,4
14719.jpg,3
14720.jpg,5
14723.jpg,0
14728.jpg,4
14738.jpg,0
14741.jpg,4
14746.jpg,5
14752.jpg,5
14764.jpg,3
14777.jpg,2
14789.jpg,5
14792.jpg,4
14795.jpg,1
14798.jpg,5
14799.jpg,0
14804.jpg,3
14805.jpg,5
14809.jpg,1
14812.jpg,5
14816.jpg,0
14818.jpg,5
14820.jpg,0
14825.jpg,4
14830.jpg,0
14831.jpg,4
14832.jpg,3
14836.jpg,4
14837.jpg,0
14838.jpg,3
14844.jpg,3
14846.jpg,5
14847.jpg,0
14848.jpg,5
14849.jpg,3
14851.jpg,2
14852.jpg,0
14853.jpg,1
14854.jpg,0
14857.jpg,0
14868.jpg,0
14870.jpg,0
14874.jpg,5
14879.jpg,4
14882.jpg,2
14892.jpg,0
14897.jpg,1
14907.jpg,3
14910.jpg,5
14928.jpg,4
14931.jpg,1
14938.jpg,3
14946.jpg,2
14951.jpg,1
14952.jpg,0
14955.jpg,4
14958.jpg,0
14968.jpg,0
14972.jpg,1
14974.jpg,5
14978.jpg,4
14980.jpg,1
14984.jpg,0
14987.jpg,3
14994.jpg,5
14995.jpg,2
14999.jpg,3
15003.jpg,4
15011.jpg,4
15024.jpg,2
15028.jpg,1
15030.jpg,0
15032.jpg,2
15034.jpg,3
15035.jpg,1
15038.jpg,1
15043.jpg,4
15050.jpg,5
15051.jpg,4
15054.jpg,2
15056.jpg,3
15065.jpg,3
15067.jpg,1
15078.jpg,0
15082.jpg,2
15086.jpg,4
15090.jpg,5
15094.jpg,3
15098.jpg,0
15100.jpg,4
15103.jpg,2
15104.jpg,1
15106.jpg,1
15107.jpg,1
15108.jpg,3
15110.jpg,2
15115.jpg,5
15117.jpg,1
15138.jpg,5
15146.jpg,0
15150.jpg,5
15163.jpg,1
15165.jpg,4
15169.jpg,5
15171.jpg,2
15175.jpg,2
15176.jpg,0
15180.jpg,3
15182.jpg,5
15194.jpg,5
15199.jpg,1
15203.jpg,5
15206.jpg,3
15207.jpg,1
15212.jpg,4
15223.jpg,0
15226.jpg,3
15227.jpg,0
15232.jpg,1
15239.jpg,2
15242.jpg,0
15243.jpg,4
15245.jpg,1
15246.jpg,1
15248.jpg,2
15249.jpg,4
15257.jpg,1
15258.jpg,1
15264.jpg,1
15269.jpg,3
15273.jpg,1
15275.jpg,2
15280.jpg,1
15281.jpg,3
15287.jpg,3
15289.jpg,4
15290.jpg,2
15295.jpg,5
15298.jpg,5
15300.jpg,5
15307.jpg,1
15310.jpg,1
15316.jpg,3
15319.jpg,3
15320.jpg,0
15324.jpg,0
15327.jpg,5
15329.jpg,1
15330.jpg,4
15332.jpg,5
15344.jpg,0
15347.jpg,5
15354.jpg,3
15359.jpg,5
15361.jpg,0
15362.jpg,5
15363.jpg,5
15364.jpg,2
15369.jpg,5
15372.jpg,1
15377.jpg,4
15379.jpg,5
15380.jpg,2
15390.jpg,1
15393.jpg,4
15402.jpg,1
15409.jpg,0
15421.jpg,1
15423.jpg,2
15426.jpg,4
15428.jpg,0
15432.jpg,5
15435.jpg,3
15444.jpg,3
15449.jpg,2
15451.jpg,0
15453.jpg,4
15454.jpg,1
15457.jpg,2
15467.jpg,2
15470.jpg,3
15472.jpg,1
15474.jpg,1
15486.jpg,4
15487.jpg,0
15488.jpg,1
15491.jpg,0
15493.jpg,3
15494.jpg,5
15496.jpg,5
15504.jpg,3
15505.jpg,3
15507.jpg,2
15512.jpg,5
15515.jpg,0
15516.jpg,1
15517.jpg,1
15526.jpg,5
15528.jpg,0
15533.jpg,5
15539.jpg,2
15542.jpg,0
15544.jpg,2
15550.jpg,2
15558.jpg,1
15561.jpg,5
15565.jpg,1
15567.jpg,5
15570.jpg,1
15573.jpg,0
15577.jpg,0
15580.jpg,2
15584.jpg,5
15585.jpg,4
15586.jpg,1
15588.jpg,4
15589.jpg,2
15595.jpg,4
15599.jpg,5
15600.jpg,1
15604.jpg,4
15606.jpg,3
15614.jpg,5
15622.jpg,4
15625.jpg,5
15635.jpg,4
15636.jpg,3
15637.jpg,4
15639.jpg,3
15641.jpg,0
15653.jpg,0
15666.jpg,4
15667.jpg,1
15671.jpg,4
15674.jpg,0
15680.jpg,5
15684.jpg,3
15687.jpg,3
15689.jpg,3
15692.jpg,1
15696.jpg,3
15704.jpg,3
15708.jpg,3
15709.jpg,3
15711.jpg,4
15724.jpg,1
15725.jpg,5
15730.jpg,0
15736.jpg,4
15741.jpg,1
15742.jpg,0
15749.jpg,0
15751.jpg,2
15753.jpg,4
15755.jpg,3
15767.jpg,5
15773.jpg,5
15774.jpg,4
15776.jpg,1
15777.jpg,1
15778.jpg,2
15780.jpg,2
15784.jpg,0
15787.jpg,0
15789.jpg,2
15791.jpg,0
15795.jpg,2
15804.jpg,1
15808.jpg,4
15816.jpg,3
15819.jpg,2
15821.jpg,4
15823.jpg,3
15826.jpg,3
15827.jpg,0
15828.jpg,3
15837.jpg,5
15844.jpg,1
15857.jpg,5
15858.jpg,2
15864.jpg,0
15871.jpg,0
15875.jpg,4
15877.jpg,0
15880.jpg,4
15882.jpg,1
15884.jpg,2
15885.jpg,1
15898.jpg,5
15905.jpg,0
15911.jpg,5
15913.jpg,4
15921.jpg,4
15925.jpg,4
15937.jpg,4
15942.jpg,5
15948.jpg,2
15950.jpg,2
15961.jpg,5
15966.jpg,0
15968.jpg,4
15976.jpg,1
15978.jpg,3
15986.jpg,4
15988.jpg,0
15989.jpg,4
15990.jpg,2
15995.jpg,5
15999.jpg,3
16001.jpg,1
16002.jpg,1
16009.jpg,3
16010.jpg,1
16013.jpg,4
16020.jpg,0
16022.jpg,5
16036.jpg,5
16037.jpg,3
16048.jpg,2
16055.jpg,5
16062.jpg,4
16064.jpg,0
16065.jpg,1
16073.jpg,5
16074.jpg,3
16079.jpg,0
16086.jpg,2
16088.jpg,3
16090.jpg,2
16101.jpg,2
16109.jpg,4
16111.jpg,1
16122.jpg,4
16124.jpg,1
16130.jpg,4
16147.jpg,4
16149.jpg,1
16153.jpg,1
16154.jpg,1
16157.jpg,5
16160.jpg,0
16166.jpg,0
16171.jpg,0
16172.jpg,1
16182.jpg,2
16189.jpg,5
16192.jpg,5
16198.jpg,5
16201.jpg,5
16206.jpg,4
16207.jpg,3
16208.jpg,0
16211.jpg,4
16212.jpg,1
16221.jpg,0
16223.jpg,1
16225.jpg,3
16238.jpg,1
16240.jpg,5
16241.jpg,1
16246.jpg,3
16247.jpg,1
16249.jpg,1
16253.jpg,5
16255.jpg,1
16260.jpg,2
16262.jpg,1
16269.jpg,2
16276.jpg,4
16279.jpg,0
16280.jpg,0
16281.jpg,3
16284.jpg,4
16285.jpg,2
16297.jpg,4
16301.jpg,2
16306.jpg,4
16307.jpg,2
16310.jpg,4
16320.jpg,5
16322.jpg,3
16324.jpg,0
16325.jpg,1
16326.jpg,0
16330.jpg,2
16333.jpg,5
16336.jpg,5
16341.jpg,3
16342.jpg,4
16346.jpg,0
16349.jpg,0
16356.jpg,3
16358.jpg,3
16362.jpg,0
16366.jpg,1
16367.jpg,5
16368.jpg,4
16376.jpg,3
16381.jpg,3
16385.jpg,4
16387.jpg,5
16394.jpg,4
16402.jpg,3
16404.jpg,5
16416.jpg,2
16418.jpg,4
16419.jpg,5
16420.jpg,2
16422.jpg,4
16426.jpg,2
16433.jpg,5
16437.jpg,5
16438.jpg,3
16439.jpg,3
16448.jpg,2
16450.jpg,4
16451.jpg,2
16452.jpg,0
16458.jpg,3
16463.jpg,0
16467.jpg,2
16481.jpg,5
16490.jpg,2
16491.jpg,4
16493.jpg,2
16496.jpg,5
16498.jpg,1
16502.jpg,4
16504.jpg,5
16506.jpg,3
16512.jpg,4
16517.jpg,2
16518.jpg,3
16523.jpg,5
16528.jpg,4
16529.jpg,3
16533.jpg,3
16537.jpg,2
16538.jpg,0
16540.jpg,4
16550.jpg,0
16561.jpg,5
16562.jpg,0
16565.jpg,2
16568.jpg,1
16569.jpg,0
16571.jpg,5
16575.jpg,0
16579.jpg,0
16582.jpg,3
16586.jpg,3
16599.jpg,3
16604.jpg,3
16613.jpg,2
16615.jpg,1
16620.jpg,2
16625.jpg,1
16631.jpg,5
16636.jpg,3
16638.jpg,1
16641.jpg,1
16644.jpg,3
16648.jpg,1
16657.jpg,5
16659.jpg,3
16661.jpg,4
16667.jpg,1
16669.jpg,3
16671.jpg,3
16672.jpg,0
16681.jpg,0
16700.jpg,4
16709.jpg,3
16710.jpg,2
16715.jpg,2
16717.jpg,4
16720.jpg,5
16723.jpg,4
16732.jpg,1
16733.jpg,0
16734.jpg,0
16735.jpg,1
16739.jpg,2
16745.jpg,3
16750.jpg,0
16752.jpg,4
16753.jpg,0
16755.jpg,1
16761.jpg,1
16764.jpg,3
16768.jpg,4
16769.jpg,5
16774.jpg,0
16783.jpg,5
16795.jpg,0
16800.jpg,0
16807.jpg,0
16808.jpg,0
16812.jpg,1
16813.jpg,0
16817.jpg,1
16821.jpg,5
16824.jpg,2
16827.jpg,2
16828.jpg,4
16830.jpg,1
16833.jpg,3
16837.jpg,0
16842.jpg,3
16845.jpg,2
16852.jpg,2
16853.jpg,4
16855.jpg,5
16861.jpg,1
16869.jpg,3
16871.jpg,4
16873.jpg,0
16884.jpg,3
16887.jpg,2
16888.jpg,0
16889.jpg,0
16891.jpg,1
16896.jpg,1
16897.jpg,5
16899.jpg,4
16919.jpg,5
16923.jpg,5
16936.jpg,5
16938.jpg,2
16939.jpg,0
16948.jpg,0
16953.jpg,1
16954.jpg,5
16966.jpg,3
16969.jpg,2
16972.jpg,3
16973.jpg,5
16977.jpg,1
16981.jpg,4
16984.jpg,4
16985.jpg,0
16988.jpg,0
16991.jpg,3
16994.jpg,4
17000.jpg,0
17002.jpg,1
17007.jpg,2
17008.jpg,4
17014.jpg,5
17017.jpg,2
17027.jpg,2
17029.jpg,1
17031.jpg,3
17034.jpg,1
17038.jpg,2
17045.jpg,4
17056.jpg,1
17058.jpg,0
17061.jpg,3
17066.jpg,3
17067.jpg,1
17069.jpg,3
17073.jpg,0
17076.jpg,5
17087.jpg,4
17091.jpg,3
17092.jpg,2
17093.jpg,5
17101.jpg,4
17104.jpg,2
17106.jpg,5
17111.jpg,2
17113.jpg,1
17114.jpg,1
17130.jpg,1
17131.jpg,2
17136.jpg,2
17149.jpg,1
17161.jpg,0
17165.jpg,0
17168.jpg,2
17169.jpg,5
17174.jpg,1
17175.jpg,4
17178.jpg,3
17183.jpg,1
17189.jpg,5
17191.jpg,4
17193.jpg,0
17200.jpg,2
17201.jpg,4
17205.jpg,1
17206.jpg,2
17207.jpg,1
17212.jpg,3
17220.jpg,3
17221.jpg,2
17225.jpg,0
17226.jpg,3
17229.jpg,5
17230.jpg,4
17237.jpg,5
17238.jpg,1
17239.jpg,1
17240.jpg,3
17249.jpg,5
17252.jpg,2
17259.jpg,5
17262.jpg,0
17265.jpg,4
17267.jpg,0
17270.jpg,0
17272.jpg,0
17273.jpg,0
17274.jpg,5
17278.jpg,5
17283.jpg,2
17285.jpg,5
17287.jpg,2
17295.jpg,1
17297.jpg,4
17306.jpg,4
17309.jpg,4
17311.jpg,2
17312.jpg,2
17313.jpg,5
17314.jpg,2
17318.jpg,4
17319.jpg,5
17320.jpg,5
17323.jpg,2
17333.jpg,2
17336.jpg,1
17338.jpg,0
17339.jpg,3
17341.jpg,5
17347.jpg,5
17354.jpg,0
17356.jpg,4
17360.jpg,4
17361.jpg,2
17368.jpg,5
17371.jpg,1
17372.jpg,1
17378.jpg,1
17384.jpg,3
17387.jpg,3
17393.jpg,2
17394.jpg,5
17399.jpg,2
17401.jpg,0
17403.jpg,0
17418.jpg,0
17419.jpg,1
17433.jpg,5
17441.jpg,3
17442.jpg,1
17450.jpg,0
17451.jpg,0
17453.jpg,0
17456.jpg,2
17457.jpg,0
17458.jpg,1
17462.jpg,0
17463.jpg,5
17470.jpg,1
17472.jpg,1
17476.jpg,4
17484.jpg,5
17486.jpg,1
17492.jpg,5
17496.jpg,3
17500.jpg,2
17503.jpg,0
17504.jpg,3
17507.jpg,3
17516.jpg,0
17530.jpg,3
17539.jpg,0
17541.jpg,0
17547.jpg,5
17554.jpg,4
17559.jpg,1
17562.jpg,2
17563.jpg,0
17564.jpg,4
17567.jpg,1
17568.jpg,5
17571.jpg,4
17575.jpg,0
17577.jpg,3
17585.jpg,4
17587.jpg,5
17593.jpg,2
17594.jpg,0
17600.jpg,1
17602.jpg,0
17603.jpg,4
17605.jpg,0
17609.jpg,0
17611.jpg,2
17612.jpg,2
17613.jpg,5
17616.jpg,2
17621.jpg,3
17624.jpg,3
17636.jpg,0
17643.jpg,3
17648.jpg,3
17651.jpg,4
17654.jpg,2
17662.jpg,0
17664.jpg,1
17666.jpg,4
17667.jpg,2
17675.jpg,5
17680.jpg,4
17689.jpg,4
17695.jpg,4
17700.jpg,3
17701.jpg,4
17702.jpg,5
17707.jpg,5
17712.jpg,3
17715.jpg,1
17716.jpg,2
17717.jpg,3
17722.jpg,4
17724.jpg,5
17725.jpg,5
17729.jpg,3
17730.jpg,1
17731.jpg,0
17732.jpg,5
17734.jpg,2
17736.jpg,2
17741.jpg,4
17745.jpg,5
17747.jpg,3
17750.jpg,0
17755.jpg,3
17756.jpg,3
17760.jpg,4
17767.jpg,3
17768.jpg,2
17769.jpg,5
17770.jpg,4
17771.jpg,0
17773.jpg,5
17775.jpg,3
17777.jpg,2
17784.jpg,4
17785.jpg,4
17788.jpg,4
17795.jpg,2
17796.jpg,5
17801.jpg,5
17808.jpg,4
17811.jpg,1
17818.jpg,1
17821.jpg,0
17822.jpg,4
17823.jpg,1
17825.jpg,0
17826.jpg,2
17827.jpg,1
17834.jpg,5
17837.jpg,4
17848.jpg,5
17849.jpg,5
17855.jpg,1
17857.jpg,1
17860.jpg,3
17866.jpg,1
17873.jpg,0
17882.jpg,3
17888.jpg,2
17894.jpg,5
17897.jpg,5
17903.jpg,0
17904.jpg,5
17906.jpg,0
17913.jpg,5
17916.jpg,3
17918.jpg,4
17922.jpg,3
17926.jpg,2
17934.jpg,3
17937.jpg,4
17948.jpg,4
17952.jpg,1
17956.jpg,0
17958.jpg,2
17966.jpg,2
17967.jpg,2
17970.jpg,5
17971.jpg,4
17978.jpg,2
17991.jpg,1
17994.jpg,2
17996.jpg,3
17997.jpg,4
18005.jpg,5
18007.jpg,3
18014.jpg,2
18017.jpg,0
18022.jpg,1
18024.jpg,1
18025.jpg,0
18026.jpg,0
18027.jpg,4
18042.jpg,1
18043.jpg,4
18044.jpg,2
18045.jpg,0
18050.jpg,0
18053.jpg,3
18056.jpg,0
18057.jpg,1
18059.jpg,5
18060.jpg,5
18065.jpg,4
18075.jpg,3
18078.jpg,3
18079.jpg,0
18086.jpg,5
18087.jpg,0
18088.jpg,1
18089.jpg,4
18095.jpg,5
18105.jpg,0
18114.jpg,5
18117.jpg,3
18125.jpg,3
18129.jpg,4
18131.jpg,3
18133.jpg,0
18138.jpg,2
18142.jpg,2
18143.jpg,4
18145.jpg,4
18146.jpg,4
18149.jpg,3
18152.jpg,1
18166.jpg,0
18167.jpg,0
18176.jpg,5
18182.jpg,0
18184.jpg,1
18190.jpg,5
18191.jpg,5
18197.jpg,2
18202.jpg,3
18205.jpg,4
18207.jpg,1
18211.jpg,5
18218.jpg,3
18221.jpg,2
18235.jpg,0
18238.jpg,4
18240.jpg,0
18242.jpg,5
18247.jpg,2
18248.jpg,1
18249.jpg,5
18251.jpg,1
18252.jpg,0
18256.jpg,3
18262.jpg,4
18264.jpg,2
18268.jpg,4
18272.jpg,0
18300.jpg,5
18309.jpg,3
18311.jpg,1
18312.jpg,0
18313.jpg,5
18317.jpg,5
18318.jpg,1
18320.jpg,3
18322.jpg,3
18324.jpg,0
18337.jpg,1
18339.jpg,2
18341.jpg,1
18342.jpg,0
18345.jpg,3
18347.jpg,4
18348.jpg,1
18350.jpg,1
18360.jpg,4
18367.jpg,5
18368.jpg,5
18373.jpg,4
18375.jpg,0
18386.jpg,5
18388.jpg,1
18389.jpg,0
18393.jpg,4
18397.jpg,0
18400.jpg,2
18401.jpg,5
18403.jpg,4
18408.jpg,4
18412.jpg,0
18415.jpg,0
18417.jpg,1
18418.jpg,3
18421.jpg,1
18431.jpg,1
18435.jpg,0
18436.jpg,2
18437.jpg,5
18439.jpg,5
18440.jpg,4
18444.jpg,4
18445.jpg,4
18447.jpg,4
18454.jpg,3
18455.jpg,4
18465.jpg,4
18466.jpg,5
18469.jpg,1
18470.jpg,4
18472.jpg,1
18473.jpg,1
18480.jpg,4
18489.jpg,3
18495.jpg,2
18496.jpg,0
18499.jpg,4
18501.jpg,2
18502.jpg,1
18505.jpg,2
18508.jpg,3
18514.jpg,5
18516.jpg,5
18523.jpg,5
18524.jpg,1
18525.jpg,4
18529.jpg,1
18531.jpg,1
18542.jpg,0
18546.jpg,0
18548.jpg,0
18553.jpg,4
18560.jpg,0
18561.jpg,3
18564.jpg,0
18568.jpg,1
18575.jpg,3
18577.jpg,5
18578.jpg,3
18586.jpg,2
18587.jpg,4
18590.jpg,4
18598.jpg,4
18602.jpg,0
18618.jpg,4
18621.jpg,5
18631.jpg,2
18638.jpg,2
18644.jpg,5
18645.jpg,3
18652.jpg,1
18654.jpg,3
18655.jpg,0
18658.jpg,2
18659.jpg,3
18660.jpg,1
18667.jpg,1
18668.jpg,0
18671.jpg,4
18682.jpg,5
18686.jpg,2
18692.jpg,5
18696.jpg,1
18697.jpg,3
18700.jpg,2
18701.jpg,3
18702.jpg,1
18704.jpg,1
18705.jpg,5
18712.jpg,5
18725.jpg,0
18726.jpg,3
18736.jpg,2
18740.jpg,3
18742.jpg,1
18745.jpg,4
18755.jpg,0
18761.jpg,4
18763.jpg,5
18765.jpg,3
18767.jpg,0
18770.jpg,5
18771.jpg,0
18773.jpg,2
18777.jpg,0
18780.jpg,4
18785.jpg,2
18790.jpg,4
18791.jpg,0
18792.jpg,3
18796.jpg,3
18804.jpg,4
18805.jpg,3
18808.jpg,2
18814.jpg,0
18817.jpg,1
18819.jpg,2
18821.jpg,2
18822.jpg,5
18826.jpg,3
18828.jpg,2
18829.jpg,2
18834.jpg,2
18837.jpg,3
18838.jpg,5
18839.jpg,3
18842.jpg,3
18846.jpg,0
18848.jpg,1
18849.jpg,1
18854.jpg,0
18855.jpg,5
18865.jpg,5
18866.jpg,5
18877.jpg,5
18878.jpg,4
18880.jpg,5
18883.jpg,0
18893.jpg,0
18894.jpg,3
18895.jpg,3
18898.jpg,4
18903.jpg,1
18905.jpg,5
18907.jpg,1
18908.jpg,5
18909.jpg,2
18911.jpg,2
18912.jpg,3
18913.jpg,1
18919.jpg,0
18921.jpg,1
18927.jpg,2
18929.jpg,2
18934.jpg,0
18936.jpg,3
18938.jpg,0
18940.jpg,4
18942.jpg,1
18958.jpg,4
18959.jpg,0
18960.jpg,3
18965.jpg,5
18988.jpg,5
19001.jpg,1
19007.jpg,3
19010.jpg,5
19016.jpg,0
19020.jpg,2
19032.jpg,0
19035.jpg,3
19044.jpg,2
19049.jpg,2
19057.jpg,0
19061.jpg,5
19063.jpg,1
19066.jpg,3
19067.jpg,2
19068.jpg,4
19072.jpg,1
19075.jpg,1
19076.jpg,4
19077.jpg,0
19078.jpg,0
19085.jpg,5
19089.jpg,0
19091.jpg,1
19097.jpg,2
19112.jpg,4
19113.jpg,5
19115.jpg,1
19116.jpg,2
19120.jpg,3
19125.jpg,0
19126.jpg,0
19127.jpg,0
19130.jpg,5
19131.jpg,1
19138.jpg,1
19140.jpg,4
19142.jpg,1
19144.jpg,4
19150.jpg,0
19151.jpg,0
19153.jpg,0
19158.jpg,5
19161.jpg,2
19169.jpg,1
19171.jpg,4
19173.jpg,3
19176.jpg,4
19178.jpg,1
19182.jpg,5
19184.jpg,5
19186.jpg,3
19189.jpg,4
19193.jpg,3
19202.jpg,1
19203.jpg,2
19205.jpg,2
19210.jpg,1
19211.jpg,5
19214.jpg,3
19216.jpg,2
19217.jpg,0
19224.jpg,4
19226.jpg,2
19236.jpg,5
19238.jpg,3
19240.jpg,3
19247.jpg,2
19249.jpg,0
19255.jpg,4
19259.jpg,3
19265.jpg,4
19268.jpg,3
19272.jpg,2
19276.jpg,3
19282.jpg,4
19284.jpg,2
19291.jpg,1
19293.jpg,0
19296.jpg,3
19299.jpg,1
19302.jpg,0
19303.jpg,3
19306.jpg,4
19312.jpg,3
19326.jpg,2
19328.jpg,4
19332.jpg,0
19338.jpg,5
19342.jpg,2
19343.jpg,3
19344.jpg,0
19355.jpg,4
19358.jpg,3
19359.jpg,1
19362.jpg,2
19364.jpg,0
19367.jpg,4
19378.jpg,4
19379.jpg,1
19388.jpg,3
19389.jpg,1
19399.jpg,3
19400.jpg,3
19402.jpg,4
19403.jpg,4
19404.jpg,2
19412.jpg,2
19418.jpg,2
19425.jpg,2
19431.jpg,5
19437.jpg,3
19441.jpg,2
19443.jpg,2
19447.jpg,0
19449.jpg,3
19450.jpg,5
19454.jpg,4
19459.jpg,4
19461.jpg,4
19465.jpg,2
19477.jpg,5
19478.jpg,2
19484.jpg,4
19486.jpg,2
19493.jpg,3
19496.jpg,4
19505.jpg,2
19515.jpg,5
19516.jpg,5
19524.jpg,5
19526.jpg,0
19529.jpg,3
19533.jpg,4
19541.jpg,4
19542.jpg,1
19545.jpg,2
19546.jpg,1
19551.jpg,4
19552.jpg,0
19554.jpg,3
19555.jpg,4
19563.jpg,1
19567.jpg,2
19573.jpg,3
19576.jpg,2
19586.jpg,1
19588.jpg,5
19595.jpg,0
19600.jpg,3
19603.jpg,2
19613.jpg,5
19622.jpg,2
19627.jpg,4
19630.jpg,1
19638.jpg,0
19640.jpg,1
19642.jpg,3
19647.jpg,3
19650.jpg,5
19659.jpg,5
19660.jpg,4
19662.jpg,5
19663.jpg,1
19664.jpg,5
19666.jpg,0
19669.jpg,5
19675.jpg,4
19676.jpg,4
19679.jpg,5
19688.jpg,1
19689.jpg,0
19694.jpg,4
19695.jpg,4
19701.jpg,0
19708.jpg,2
19709.jpg,3
19711.jpg,1
19715.jpg,4
19718.jpg,1
19720.jpg,5
19723.jpg,4
19728.jpg,0
19730.jpg,1
19735.jpg,0
19739.jpg,5
19743.jpg,5
19746.jpg,2
19747.jpg,1
19756.jpg,3
19768.jpg,4
19769.jpg,3
19778.jpg,0
19779.jpg,1
19782.jpg,0
19795.jpg,5
19798.jpg,2
19799.jpg,5
19807.jpg,5
19808.jpg,5
19810.jpg,4
19811.jpg,2
19813.jpg,3
19814.jpg,1
19817.jpg,5
19818.jpg,4
19820.jpg,2
19824.jpg,2
19826.jpg,1
19832.jpg,1
19833.jpg,4
19834.jpg,2
19835.jpg,2
19837.jpg,1
19844.jpg,2
19846.jpg,0
19853.jpg,4
19857.jpg,3
19858.jpg,1
19864.jpg,1
19865.jpg,4
19867.jpg,5
19872.jpg,3
19879.jpg,2
19882.jpg,5
19884.jpg,5
19885.jpg,5
19888.jpg,3
19889.jpg,3
19892.jpg,5
19894.jpg,2
19896.jpg,0
19900.jpg,2
19901.jpg,0
19903.jpg,3
19904.jpg,2
19905.jpg,5
19912.jpg,3
19915.jpg,0
19926.jpg,2
19929.jpg,3
19930.jpg,1
19932.jpg,4
19937.jpg,4
19939.jpg,3
19958.jpg,2
19960.jpg,1
19961.jpg,5
19962.jpg,3
19963.jpg,0
19965.jpg,5
19970.jpg,5
19982.jpg,1
19995.jpg,1
20004.jpg,1
20010.jpg,4
20011.jpg,0
20013.jpg,5
20026.jpg,3
20027.jpg,0
20028.jpg,2
20036.jpg,5
20040.jpg,2
20041.jpg,4
20044.jpg,5
20045.jpg,2
20048.jpg,0
20054.jpg,0
20056.jpg,1
20060.jpg,0
20064.jpg,0
20066.jpg,5
20072.jpg,4
20073.jpg,0
20077.jpg,4
20080.jpg,5
20085.jpg,3
20087.jpg,2
20088.jpg,5
20089.jpg,1
20091.jpg,1
20092.jpg,2
20096.jpg,0
20099.jpg,4
20109.jpg,2
20111.jpg,2
20112.jpg,4
20114.jpg,4
20123.jpg,3
20126.jpg,5
20142.jpg,2
20148.jpg,4
20153.jpg,3
20158.jpg,5
20159.jpg,1
20160.jpg,3
20171.jpg,4
20172.jpg,4
20173.jpg,1
20176.jpg,3
20177.jpg,0
20178.jpg,5
20179.jpg,2
20185.jpg,4
20186.jpg,0
20195.jpg,2
20202.jpg,2
20204.jpg,2
20221.jpg,5
20225.jpg,1
20227.jpg,2
20231.jpg,0
20232.jpg,3
20243.jpg,2
20246.jpg,0
20247.jpg,4
20249.jpg,2
20256.jpg,4
20257.jpg,4
20260.jpg,1
20261.jpg,1
20264.jpg,4
20270.jpg,5
20272.jpg,2
20275.jpg,2
20276.jpg,3
20277.jpg,3
20282.jpg,3
20285.jpg,4
20293.jpg,5
20294.jpg,0
20300.jpg,4
20305.jpg,4
20306.jpg,1
20309.jpg,0
20311.jpg,1
20313.jpg,4
20318.jpg,5
20326.jpg,2
20332.jpg,5
20337.jpg,5
20341.jpg,4
20343.jpg,5
20348.jpg,5
20350.jpg,0
20352.jpg,2
20355.jpg,2
20358.jpg,3
20362.jpg,2
20372.jpg,2
20383.jpg,2
20384.jpg,1
20386.jpg,2
20387.jpg,2
20390.jpg,0
20392.jpg,4
20397.jpg,3
20398.jpg,3
20406.jpg,2
20417.jpg,5
20418.jpg,2
20427.jpg,3
20430.jpg,0
20431.jpg,0
20432.jpg,5
20436.jpg,0
20438.jpg,3
20440.jpg,5
20444.jpg,3
20447.jpg,1
20448.jpg,1
20454.jpg,5
20457.jpg,2
20458.jpg,2
20460.jpg,0
20472.jpg,4
20474.jpg,5
20479.jpg,3
20486.jpg,2
20490.jpg,2
20493.jpg,5
20495.jpg,2
20508.jpg,2
20510.jpg,1
20511.jpg,4
20513.jpg,4
20516.jpg,5
20517.jpg,2
20528.jpg,3
20534.jpg,4
20535.jpg,5
20541.jpg,2
20544.jpg,1
20545.jpg,3
20549.jpg,0
20556.jpg,1
20558.jpg,5
20560.jpg,2
20563.jpg,1
20570.jpg,2
20571.jpg,2
20574.jpg,0
20576.jpg,2
20580.jpg,0
20585.jpg,3
20586.jpg,5
20587.jpg,0
20595.jpg,4
20597.jpg,0
20602.jpg,5
20611.jpg,0
20615.jpg,5
20616.jpg,2
20617.jpg,3
20630.jpg,0
20640.jpg,4
20643.jpg,3
20650.jpg,1
20651.jpg,3
20652.jpg,5
20660.jpg,1
20665.jpg,5
20670.jpg,5
20672.jpg,4
20674.jpg,1
20677.jpg,5
20678.jpg,4
20679.jpg,4
20683.jpg,5
20685.jpg,1
20694.jpg,4
20702.jpg,3
20703.jpg,3
20706.jpg,2
20709.jpg,0
20712.jpg,2
20717.jpg,1
20718.jpg,1
20722.jpg,4
20725.jpg,0
20728.jpg,1
20730.jpg,0
20735.jpg,4
20737.jpg,5
20738.jpg,3
20745.jpg,2
20750.jpg,5
20752.jpg,0
20759.jpg,4
20762.jpg,3
20763.jpg,2
20765.jpg,5
20766.jpg,0
20767.jpg,3
20771.jpg,0
20782.jpg,1
20794.jpg,1
20798.jpg,5
20799.jpg,0
20800.jpg,1
20802.jpg,2
20816.jpg,1
20819.jpg,5
20820.jpg,3
20821.jpg,2
20825.jpg,1
20826.jpg,0
20828.jpg,0
20835.jpg,5
20838.jpg,5
20840.jpg,4
20843.jpg,5
20844.jpg,2
20846.jpg,0
20851.jpg,2
20856.jpg,4
20858.jpg,0
20860.jpg,2
20870.jpg,3
20871.jpg,3
20873.jpg,4
20876.jpg,3
20885.jpg,1
20892.jpg,5
20893.jpg,4
20896.jpg,0
20899.jpg,5
20903.jpg,5
20911.jpg,4
20918.jpg,0
20922.jpg,0
20927.jpg,1
20928.jpg,0
20935.jpg,5
20937.jpg,5
20941.jpg,3
20944.jpg,5
20947.jpg,1
20949.jpg,2
20950.jpg,2
20952.jpg,0
20953.jpg,5
20955.jpg,4
20963.jpg,2
20966.jpg,0
20971.jpg,3
20976.jpg,3
20983.jpg,3
20986.jpg,3
20989.jpg,0
20991.jpg,3
20994.jpg,5
20995.jpg,5
21000.jpg,2
21001.jpg,1
21008.jpg,2
21011.jpg,0
21012.jpg,4
21014.jpg,4
21017.jpg,0
21018.jpg,1
21025.jpg,2
21035.jpg,2
21036.jpg,3
21043.jpg,2
21044.jpg,5
21047.jpg,4
21054.jpg,4
21055.jpg,3
21059.jpg,3
21061.jpg,4
21073.jpg,4
21076.jpg,3
21077.jpg,5
21085.jpg,3
21086.jpg,5
21087.jpg,1
21098.jpg,2
21106.jpg,1
21115.jpg,3
21120.jpg,5
21123.jpg,2
21125.jpg,1
21126.jpg,1
21130.jpg,4
21138.jpg,4
21141.jpg,0
21142.jpg,5
21143.jpg,5
21156.jpg,2
21158.jpg,0
21168.jpg,2
21169.jpg,1
21170.jpg,5
21173.jpg,3
21175.jpg,5
21177.jpg,1
21179.jpg,1
21186.jpg,2
21191.jpg,4
21196.jpg,1
21197.jpg,4
21198.jpg,1
21200.jpg,5
21203.jpg,0
21206.jpg,1
21209.jpg,1
21213.jpg,2
21214.jpg,3
21215.jpg,2
21217.jpg,4
21221.jpg,0
21225.jpg,5
21231.jpg,2
21236.jpg,3
21238.jpg,1
21242.jpg,5
21247.jpg,3
21259.jpg,4
21269.jpg,2
21271.jpg,0
21277.jpg,4
21279.jpg,0
21294.jpg,0
21301.jpg,3
21302.jpg,2
21306.jpg,4
21313.jpg,3
21328.jpg,4
21334.jpg,4
21339.jpg,0
21347.jpg,5
21350.jpg,5
21352.jpg,1
21353.jpg,2
21354.jpg,5
21357.jpg,2
21359.jpg,5
21360.jpg,0
21361.jpg,3
21364.jpg,4
21377.jpg,3
21381.jpg,5
21383.jpg,2
21386.jpg,0
21401.jpg,5
21405.jpg,4
21409.jpg,2
21410.jpg,5
21417.jpg,3
21422.jpg,1
21427.jpg,5
21428.jpg,4
21435.jpg,5
21437.jpg,2
21448.jpg,3
21454.jpg,5
21456.jpg,4
21459.jpg,1
21461.jpg,0
21464.jpg,2
21469.jpg,2
21478.jpg,2
21480.jpg,0
21485.jpg,0
21490.jpg,3
21491.jpg,1
21492.jpg,3
21494.jpg,5
21496.jpg,0
21499.jpg,5
21506.jpg,0
21513.jpg,4
21518.jpg,2
21535.jpg,4
21538.jpg,1
21553.jpg,2
21556.jpg,2
21557.jpg,4
21558.jpg,4
21560.jpg,5
21568.jpg,4
21576.jpg,3
21578.jpg,3
21580.jpg,0
21581.jpg,0
21589.jpg,4
21597.jpg,0
21598.jpg,4
21603.jpg,3
21604.jpg,1
21607.jpg,4
21620.jpg,5
21621.jpg,0
21623.jpg,4
21632.jpg,3
21633.jpg,2
21635.jpg,4
21638.jpg,4
21643.jpg,3
21646.jpg,0
21666.jpg,3
21676.jpg,2
21683.jpg,0
21699.jpg,1
21701.jpg,2
21702.jpg,4
21703.jpg,0
21707.jpg,4
21711.jpg,3
21712.jpg,0
21714.jpg,4
21715.jpg,1
21717.jpg,3
21721.jpg,5
21723.jpg,5
21729.jpg,4
21734.jpg,3
21735.jpg,1
21737.jpg,4
21745.jpg,5
21750.jpg,3
21762.jpg,2
21763.jpg,0
21769.jpg,1
21775.jpg,4
21776.jpg,5
21779.jpg,0
21780.jpg,5
21781.jpg,3
21784.jpg,4
21789.jpg,0
21793.jpg,0
21794.jpg,1
21801.jpg,0
21804.jpg,2
21811.jpg,2
21814.jpg,1
21816.jpg,2
21832.jpg,4
21840.jpg,2
21842.jpg,2
21844.jpg,3
21846.jpg,4
21853.jpg,5
21859.jpg,2
21876.jpg,3
21897.jpg,0
21900.jpg,1
21905.jpg,0
21906.jpg,2
21907.jpg,2
21910.jpg,5
21916.jpg,1
21923.jpg,0
21926.jpg,2
21929.jpg,0
21933.jpg,1
21934.jpg,2
21935.jpg,3
21937.jpg,4
21940.jpg,4
21943.jpg,3
21945.jpg,0
21948.jpg,0
21949.jpg,2
21960.jpg,3
21964.jpg,1
21965.jpg,1
21967.jpg,2
21979.jpg,1
21982.jpg,2
21984.jpg,3
21986.jpg,2
21990.jpg,1
21994.jpg,1
21996.jpg,4
21999.jpg,4
22001.jpg,5
22004.jpg,1
22005.jpg,2
22012.jpg,4
22020.jpg,3
22022.jpg,1
22024.jpg,5
22025.jpg,0
22026.jpg,2
22035.jpg,5
22046.jpg,3
22048.jpg,4
22057.jpg,5
22058.jpg,0
22062.jpg,3
22066.jpg,4
22068.jpg,2
22071.jpg,2
22072.jpg,4
22074.jpg,1
22076.jpg,0
22092.jpg,1
22093.jpg,1
22095.jpg,3
22097.jpg,5
22101.jpg,3
22103.jpg,0
22104.jpg,4
22110.jpg,0
22112.jpg,2
22119.jpg,5
22123.jpg,2
22125.jpg,1
22127.jpg,4
22128.jpg,1
22130.jpg,2
22136.jpg,1
22139.jpg,5
22141.jpg,3
22144.jpg,1
22145.jpg,3
22152.jpg,0
22153.jpg,5
22156.jpg,5
22160.jpg,3
22161.jpg,2
22167.jpg,1
22172.jpg,1
22176.jpg,3
22180.jpg,2
22185.jpg,0
22187.jpg,2
22188.jpg,3
22189.jpg,3
22192.jpg,3
22198.jpg,5
22203.jpg,3
22207.jpg,3
22212.jpg,2
22222.jpg,3
22223.jpg,5
22231.jpg,5
22237.jpg,4
22239.jpg,2
22241.jpg,2
22243.jpg,1
22246.jpg,4
22251.jpg,3
22253.jpg,3
22256.jpg,0
22259.jpg,2
22260.jpg,1
22261.jpg,3
22262.jpg,4
22266.jpg,0
22267.jpg,0
22268.jpg,1
22269.jpg,0
22271.jpg,4
22276.jpg,3
22284.jpg,0
22290.jpg,3
22291.jpg,5
22295.jpg,0
22309.jpg,3
22311.jpg,5
22314.jpg,5
22315.jpg,0
22316.jpg,5
22330.jpg,0
22337.jpg,4
22341.jpg,0
22342.jpg,1
22343.jpg,3
22345.jpg,0
22346.jpg,3
22350.jpg,4
22353.jpg,4
22356.jpg,5
22360.jpg,0
22362.jpg,2
22366.jpg,5
22368.jpg,5
22373.jpg,5
22375.jpg,5
22379.jpg,2
22384.jpg,0
22385.jpg,4
22387.jpg,5
22388.jpg,0
22389.jpg,4
22408.jpg,5
22414.jpg,4
22421.jpg,0
22423.jpg,0
22427.jpg,1
22431.jpg,3
22433.jpg,4
22439.jpg,4
22441.jpg,4
22442.jpg,0
22444.jpg,3
22448.jpg,0
22455.jpg,4
22457.jpg,5
22458.jpg,5
22460.jpg,5
22461.jpg,5
22467.jpg,4
22470.jpg,5
22472.jpg,1
22475.jpg,2
22478.jpg,4
22486.jpg,0
22488.jpg,3
22494.jpg,3
22496.jpg,0
22500.jpg,2
22502.jpg,2
22508.jpg,4
22512.jpg,3
22514.jpg,1
22516.jpg,4
22517.jpg,1
22518.jpg,2
22520.jpg,2
22522.jpg,4
22539.jpg,3
22552.jpg,1
22555.jpg,4
22556.jpg,2
22562.jpg,0
22565.jpg,4
22567.jpg,3
22568.jpg,0
22571.jpg,5
22574.jpg,4
22575.jpg,1
22576.jpg,2
22580.jpg,4
22583.jpg,3
22586.jpg,0
22587.jpg,0
22589.jpg,4
22595.jpg,1
22596.jpg,0
22597.jpg,5
22598.jpg,0
22603.jpg,2
22606.jpg,2
22608.jpg,3
22626.jpg,1
22628.jpg,4
22636.jpg,3
22644.jpg,5
22645.jpg,5
22647.jpg,2
22650.jpg,0
22653.jpg,3
22655.jpg,3
22657.jpg,2
22664.jpg,4
22666.jpg,2
22667.jpg,2
22673.jpg,5
22675.jpg,4
22676.jpg,0
22681.jpg,2
22688.jpg,4
22692.jpg,3
22702.jpg,0
22709.jpg,1
22719.jpg,4
22720.jpg,3
22724.jpg,3
22731.jpg,1
22732.jpg,3
22734.jpg,3
22736.jpg,4
22763.jpg,1
22767.jpg,2
22768.jpg,3
22769.jpg,3
22771.jpg,1
22776.jpg,0
22778.jpg,5
22779.jpg,5
22789.jpg,1
22804.jpg,3
22805.jpg,1
22811.jpg,3
22817.jpg,2
22818.jpg,3
22819.jpg,1
22820.jpg,3
22822.jpg,2
22826.jpg,5
22829.jpg,2
22831.jpg,4
22832.jpg,4
22834.jpg,4
22844.jpg,3
22845.jpg,1
22846.jpg,3
22850.jpg,2
22854.jpg,1
22855.jpg,2
22860.jpg,0
22868.jpg,3
22871.jpg,3
22875.jpg,4
22877.jpg,5
22879.jpg,5
22885.jpg,3
22887.jpg,2
22890.jpg,2
22893.jpg,3
22898.jpg,5
22899.jpg,0
22900.jpg,5
22911.jpg,0
22919.jpg,2
22920.jpg,4
22925.jpg,2
22927.jpg,2
22935.jpg,5
22942.jpg,2
22944.jpg,1
22948.jpg,4
22949.jpg,4
22951.jpg,0
22952.jpg,5
22953.jpg,0
22958.jpg,3
22961.jpg,4
22966.jpg,3
22967.jpg,5
22970.jpg,5
22971.jpg,5
22974.jpg,2
22986.jpg,5
22987.jpg,0
22988.jpg,5
22989.jpg,0
22994.jpg,2
23002.jpg,4
23003.jpg,0
23006.jpg,4
23008.jpg,5
23012.jpg,0
23022.jpg,4
23026.jpg,2
23032.jpg,1
23041.jpg,0
23044.jpg,2
23045.jpg,4
23047.jpg,4
23048.jpg,0
23055.jpg,0
23060.jpg,2
23062.jpg,3
23068.jpg,5
23072.jpg,2
23073.jpg,5
23075.jpg,5
23084.jpg,1
23089.jpg,4
23091.jpg,4
23100.jpg,0
23101.jpg,1
23103.jpg,3
23105.jpg,4
23106.jpg,0
23109.jpg,0
23116.jpg,1
23118.jpg,5
23123.jpg,1
23124.jpg,4
23127.jpg,5
23141.jpg,3
23143.jpg,0
23144.jpg,0
23148.jpg,1
23153.jpg,3
23154.jpg,2
23161.jpg,1
23162.jpg,4
23169.jpg,2
23172.jpg,4
23185.jpg,1
23187.jpg,4
23188.jpg,0
23194.jpg,4
23195.jpg,5
23201.jpg,3
23213.jpg,4
23218.jpg,1
23220.jpg,0
23222.jpg,4
23225.jpg,5
23227.jpg,5
23228.jpg,5
23232.jpg,3
23236.jpg,3
23240.jpg,1
23241.jpg,1
23248.jpg,4
23250.jpg,4
23254.jpg,4
23255.jpg,0
23261.jpg,1
23262.jpg,3
23269.jpg,5
23270.jpg,3
23271.jpg,5
23272.jpg,2
23276.jpg,1
23277.jpg,3
23283.jpg,3
23287.jpg,1
23291.jpg,3
23292.jpg,2
23294.jpg,2
23295.jpg,0
23297.jpg,0
23308.jpg,1
23310.jpg,0
23312.jpg,3
23316.jpg,0
23317.jpg,0
23318.jpg,3
23319.jpg,5
23322.jpg,0
23334.jpg,3
23342.jpg,4
23349.jpg,5
23362.jpg,0
23365.jpg,0
23366.jpg,0
23370.jpg,3
23373.jpg,1
23380.jpg,1
23381.jpg,4
23385.jpg,0
23387.jpg,3
23398.jpg,2
23402.jpg,1
23404.jpg,0
23408.jpg,4
23409.jpg,0
23416.jpg,4
23418.jpg,2
23419.jpg,4
23423.jpg,4
23428.jpg,3
23431.jpg,2
23433.jpg,2
23435.jpg,0
23437.jpg,4
23443.jpg,2
23446.jpg,0
23447.jpg,2
23451.jpg,3
23452.jpg,4
23453.jpg,1
23457.jpg,3
23459.jpg,0
23462.jpg,1
23463.jpg,1
23469.jpg,3
23470.jpg,3
23472.jpg,1
23473.jpg,1
23481.jpg,2
23489.jpg,4
23490.jpg,1
23491.jpg,1
23495.jpg,4
23496.jpg,3
23497.jpg,2
23502.jpg,1
23505.jpg,0
23512.jpg,0
23522.jpg,3
23529.jpg,0
23531.jpg,3
23535.jpg,2
23541.jpg,2
23547.jpg,5
23549.jpg,4
23550.jpg,0
23551.jpg,1
23554.jpg,0
23555.jpg,0
23557.jpg,5
23562.jpg,4
23564.jpg,0
23565.jpg,2
23570.jpg,2
23573.jpg,5
23575.jpg,1
23576.jpg,4
23579.jpg,4
23584.jpg,0
23586.jpg,5
23587.jpg,4
23591.jpg,1
23593.jpg,2
23600.jpg,1
23603.jpg,2
23604.jpg,0
23612.jpg,0
23620.jpg,4
23628.jpg,0
23630.jpg,3
23633.jpg,5
23638.jpg,4
23639.jpg,0
23640.jpg,1
23644.jpg,5
23647.jpg,3
23656.jpg,2
23661.jpg,2
23663.jpg,1
23669.jpg,5
23681.jpg,1
23683.jpg,0
23687.jpg,3
23694.jpg,1
23695.jpg,1
23698.jpg,1
23700.jpg,1
23702.jpg,3
23703.jpg,2
23705.jpg,4
23710.jpg,2
23713.jpg,1
23716.jpg,3
23723.jpg,1
23725.jpg,4
23735.jpg,0
23736.jpg,3
23744.jpg,2
23746.jpg,3
23757.jpg,0
23760.jpg,1
23764.jpg,1
23771.jpg,2
23775.jpg,3
23783.jpg,2
23791.jpg,1
23792.jpg,2
23793.jpg,5
23797.jpg,3
23806.jpg,4
23807.jpg,3
23808.jpg,3
23810.jpg,5
23812.jpg,2
23818.jpg,1
23830.jpg,3
23837.jpg,4
23838.jpg,3
23843.jpg,2
23845.jpg,5
23846.jpg,0
23851.jpg,4
23852.jpg,1
23854.jpg,0
23866.jpg,0
23871.jpg,2
23874.jpg,1
23875.jpg,1
23876.jpg,1
23879.jpg,1
23883.jpg,2
23884.jpg,2
23885.jpg,4
23886.jpg,0
23888.jpg,2
23889.jpg,4
23896.jpg,3
23899.jpg,2
23902.jpg,2
23903.jpg,2
23912.jpg,1
23915.jpg,3
23926.jpg,4
23931.jpg,1
23932.jpg,0
23937.jpg,5
23939.jpg,4
23949.jpg,1
23952.jpg,2
23958.jpg,5
23959.jpg,4
23973.jpg,5
23974.jpg,4
23984.jpg,1
23986.jpg,3
23987.jpg,1
23990.jpg,4
23993.jpg,3
23998.jpg,4
24001.jpg,4
24004.jpg,3
24007.jpg,1
24009.jpg,5
24010.jpg,0
24013.jpg,2
24017.jpg,0
24021.jpg,2
24022.jpg,2
24023.jpg,0
24026.jpg,5
24029.jpg,5
24036.jpg,3
24040.jpg,5
24043.jpg,3
24044.jpg,4
24045.jpg,1
24047.jpg,1
24058.jpg,0
24060.jpg,2
24073.jpg,4
24075.jpg,3
24078.jpg,5
24082.jpg,1
24088.jpg,4
24091.jpg,3
24094.jpg,3
24098.jpg,1
24099.jpg,4
24100.jpg,1
24101.jpg,5
24103.jpg,0
24108.jpg,1
24112.jpg,2
24113.jpg,2
24115.jpg,2
24119.jpg,0
24131.jpg,0
24132.jpg,4
24135.jpg,5
24136.jpg,4
24137.jpg,1
24138.jpg,5
24139.jpg,5
24141.jpg,5
24143.jpg,1
24145.jpg,1
24150.jpg,2
24152.jpg,2
24160.jpg,0
24163.jpg,4
24166.jpg,3
24167.jpg,2
24169.jpg,3
24170.jpg,4
24172.jpg,5
24173.jpg,2
24174.jpg,4
24176.jpg,2
24178.jpg,1
24179.jpg,0
24180.jpg,4
24185.jpg,2
24189.jpg,4
24196.jpg,2
24199.jpg,5
24200.jpg,2
24211.jpg,3
24213.jpg,2
24214.jpg,4
24219.jpg,4
24221.jpg,5
24222.jpg,1
24229.jpg,0
24231.jpg,5
24234.jpg,1
24235.jpg,4
24239.jpg,1
24244.jpg,2
24246.jpg,4
24247.jpg,3
24249.jpg,2
24252.jpg,3
24254.jpg,1
24256.jpg,1
24265.jpg,5
24267.jpg,2
24268.jpg,5
24270.jpg,5
24273.jpg,3
24277.jpg,2
24283.jpg,3
24284.jpg,3
24290.jpg,0
24292.jpg,5
24301.jpg,4
24311.jpg,4
24313.jpg,1
24314.jpg,1
24317.jpg,5
24319.jpg,3
